date,electricity_price,price_imputed
2019-04-01,32.57,0
2019-04-02,28.03,0
2019-04-03,30.71,0
2019-04-04,33.54,0
2019-04-05,24.17,0
2019-04-06,24.17,0
2019-04-07,24.17,1
2019-04-08,39.52,0
2019-04-09,24.0,0
2019-04-10,20.25,0
2019-04-11,23.06,0
2019-04-12,20.54,0
2019-04-13,20.54,0
2019-04-14,20.54,1
2019-04-15,26.1,0
2019-04-16,20.95,0
2019-04-17,28.89,0
2019-04-18,28.89,0
2019-04-19,20.41,0
2019-04-20,20.41,0
2019-04-21,20.41,1
2019-04-22,26.33,0
2019-04-23,26.23,0
2019-04-24,27.99,0
2019-04-25,28.18,0
2019-04-26,18.25,0
2019-04-27,18.25,0
2019-04-28,18.25,1
2019-04-29,18.25,1
2019-04-30,20.01,0
2019-05-01,22.84,0
2019-05-02,26.8,0
2019-05-03,18.38,0
2019-05-04,18.38,0
2019-05-05,18.38,1
2019-05-06,25.04,0
2019-05-07,23.8,0
2019-05-08,25.39,0
2019-05-09,26.76,0
2019-05-10,24.92,0
2019-05-11,24.92,0
2019-05-12,24.92,1
2019-05-13,25.38,0
2019-05-14,25.69,0
2019-05-15,24.4,0
2019-05-16,24.4,0
2019-05-17,16.09,0
2019-05-18,16.09,0
2019-05-19,16.09,1
2019-05-20,16.16,0
2019-05-21,16.07,0
2019-05-22,17.75,0
2019-05-23,19.82,0
2019-05-24,19.82,0
2019-05-25,12.71,0
2019-05-26,12.71,1
2019-05-27,12.71,1
2019-05-28,17.21,0
2019-05-29,21.28,0
2019-05-30,20.76,0
2019-05-31,20.76,0
