date,electricity_price
2019-04-01,32.57
2019-04-02,28.03
2019-04-03,30.71
2019-04-04,33.54
2019-04-05,24.17
2019-04-08,39.52
2019-04-09,24.0
2019-04-10,20.25
2019-04-11,23.06
2019-04-12,20.54
2019-04-15,26.1
2019-04-16,20.95
2019-04-17,28.89
2019-04-19,20.41
2019-04-22,26.33
2019-04-23,26.23
2019-04-24,27.99
2019-04-25,28.18
2019-04-26,18.25
2019-04-30,20.01
2019-05-01,22.84
2019-05-02,26.8
2019-05-03,18.38
2019-05-06,25.04
2019-05-07,23.8
2019-05-08,25.39
2019-05-09,26.76
2019-05-10,24.92
2019-05-13,25.38
2019-05-14,25.69
2019-05-15,24.4
2019-05-17,16.09
2019-05-20,16.16
2019-05-21,16.07
2019-05-22,17.75
2019-05-23,19.82
2019-05-25,12.71
2019-05-28,17.21
2019-05-29,21.28
2019-05-30,20.76
