dataset,fold,model,train_rows,validation_rows,MAE,RMSE,MAPE,R2,training_time_seconds,model_path
Dataset IV - 10Fold + No SMOTER,1,XGBoost,464352,51632,0.07627031037233403,0.32918315105314894,53.738523524662604,0.9339393073240672,7.960686683654785,C:\Users\Poonam Reddy R\Desktop\EVPROJFINAL\EV_Charging_Demand_Prediction\models\dataset_IV_cv\fold_01_xgboost.pkl
Dataset IV - 10Fold + No SMOTER,1,LightGBM,464352,51632,0.07201427545291753,0.3276070110172884,53.08969364673083,0.9345703945166736,2.434229850769043,C:\Users\Poonam Reddy R\Desktop\EVPROJFINAL\EV_Charging_Demand_Prediction\models\dataset_IV_cv\fold_01_lightgbm.pkl
Dataset IV - 10Fold + No SMOTER,1,CatBoost,464352,51632,0.07302811021693954,0.3315349590899479,53.390785707629576,0.9329920106600168,11.320637941360474,C:\Users\Poonam Reddy R\Desktop\EVPROJFINAL\EV_Charging_Demand_Prediction\models\dataset_IV_cv\fold_01_catboost.pkl
Dataset IV - 10Fold + No SMOTER,1,RandomForest,464352,51632,0.10581458670690028,0.35408137131704226,54.71788263650519,0.923568200617881,100.20745086669922,C:\Users\Poonam Reddy R\Desktop\EVPROJFINAL\EV_Charging_Demand_Prediction\models\dataset_IV_cv\fold_01_randomforest.pkl
Dataset IV - 10Fold + No SMOTER,1,ExtraTrees,464352,51632,0.10348255317562452,0.3645159733860151,57.065815905890375,0.9189970090010805,66.64267349243164,C:\Users\Poonam Reddy R\Desktop\EVPROJFINAL\EV_Charging_Demand_Prediction\models\dataset_IV_cv\fold_01_extratrees.pkl
Dataset IV - 10Fold + No SMOTER,2,XGBoost,464352,51632,0.09437741273329896,0.34569404854264923,37.94749474314572,0.9323494781822572,8.14756464958191,C:\Users\Poonam Reddy R\Desktop\EVPROJFINAL\EV_Charging_Demand_Prediction\models\dataset_IV_cv\fold_02_xgboost.pkl
Dataset IV - 10Fold + No SMOTER,2,LightGBM,464352,51632,0.08128981019503341,0.32508643856366276,37.28198372281904,0.9401746772058884,2.5041966438293457,C:\Users\Poonam Reddy R\Desktop\EVPROJFINAL\EV_Charging_Demand_Prediction\models\dataset_IV_cv\fold_02_lightgbm.pkl
Dataset IV - 10Fold + No SMOTER,2,CatBoost,464352,51632,0.07846923059351069,0.3274432463757153,37.672597771471814,0.9393040909878522,11.286794185638428,C:\Users\Poonam Reddy R\Desktop\EVPROJFINAL\EV_Charging_Demand_Prediction\models\dataset_IV_cv\fold_02_catboost.pkl
Dataset IV - 10Fold + No SMOTER,2,RandomForest,464352,51632,0.12580651072614954,0.38505273887393715,40.98388278585953,0.9160679599931114,129.64947485923767,C:\Users\Poonam Reddy R\Desktop\EVPROJFINAL\EV_Charging_Demand_Prediction\models\dataset_IV_cv\fold_02_randomforest.pkl
Dataset IV - 10Fold + No SMOTER,2,ExtraTrees,464352,51632,0.11731088450522713,0.38209026400214235,40.44488451663757,0.9173544853449619,71.60824394226074,C:\Users\Poonam Reddy R\Desktop\EVPROJFINAL\EV_Charging_Demand_Prediction\models\dataset_IV_cv\fold_02_extratrees.pkl
Dataset IV - 10Fold + No SMOTER,3,XGBoost,464352,51632,0.06139756890443528,0.295731800415257,141.18482355931258,0.933037242157152,8.816685676574707,C:\Users\Poonam Reddy R\Desktop\EVPROJFINAL\EV_Charging_Demand_Prediction\models\dataset_IV_cv\fold_03_xgboost.pkl
Dataset IV - 10Fold + No SMOTER,3,LightGBM,464352,51632,0.0579754560233801,0.2859024494005531,164.57763970545363,0.9374146004304298,4.464950323104858,C:\Users\Poonam Reddy R\Desktop\EVPROJFINAL\EV_Charging_Demand_Prediction\models\dataset_IV_cv\fold_03_lightgbm.pkl
Dataset IV - 10Fold + No SMOTER,3,CatBoost,464352,51632,0.05995743885053325,0.2890822043729732,249.0271643124395,0.9360147321085223,14.452332019805908,C:\Users\Poonam Reddy R\Desktop\EVPROJFINAL\EV_Charging_Demand_Prediction\models\dataset_IV_cv\fold_03_catboost.pkl
Dataset IV - 10Fold + No SMOTER,3,RandomForest,464352,51632,0.07643819324800946,0.3252981266371888,124.1655346517972,0.9189784771875197,111.63685393333435,C:\Users\Poonam Reddy R\Desktop\EVPROJFINAL\EV_Charging_Demand_Prediction\models\dataset_IV_cv\fold_03_randomforest.pkl
Dataset IV - 10Fold + No SMOTER,3,ExtraTrees,464352,51632,0.08354215867868096,0.3347599225859507,590.6029342215984,0.91419665980353,63.85955595970154,C:\Users\Poonam Reddy R\Desktop\EVPROJFINAL\EV_Charging_Demand_Prediction\models\dataset_IV_cv\fold_03_extratrees.pkl
Dataset IV - 10Fold + No SMOTER,4,XGBoost,464352,51632,0.07763510979679254,0.327891921042316,42.766531951983545,0.9291199673098762,8.261593580245972,C:\Users\Poonam Reddy R\Desktop\EVPROJFINAL\EV_Charging_Demand_Prediction\models\dataset_IV_cv\fold_04_xgboost.pkl
Dataset IV - 10Fold + No SMOTER,4,LightGBM,464352,51632,0.07013147398929943,0.31348507841946804,40.85108317371214,0.9352117537580324,5.982123136520386,C:\Users\Poonam Reddy R\Desktop\EVPROJFINAL\EV_Charging_Demand_Prediction\models\dataset_IV_cv\fold_04_lightgbm.pkl
Dataset IV - 10Fold + No SMOTER,4,CatBoost,464352,51632,0.07168790263167732,0.3199307901419258,42.70490874830361,0.9325200807816364,16.74825668334961,C:\Users\Poonam Reddy R\Desktop\EVPROJFINAL\EV_Charging_Demand_Prediction\models\dataset_IV_cv\fold_04_catboost.pkl
Dataset IV - 10Fold + No SMOTER,4,RandomForest,464352,51632,0.10691929916118474,0.35707754658496416,65.45799851777956,0.9159403531502515,104.7166645526886,C:\Users\Poonam Reddy R\Desktop\EVPROJFINAL\EV_Charging_Demand_Prediction\models\dataset_IV_cv\fold_04_randomforest.pkl
Dataset IV - 10Fold + No SMOTER,4,ExtraTrees,464352,51632,0.1042915375509182,0.3610462621817665,70.18387939506138,0.91406141804636,71.68237137794495,C:\Users\Poonam Reddy R\Desktop\EVPROJFINAL\EV_Charging_Demand_Prediction\models\dataset_IV_cv\fold_04_extratrees.pkl
Dataset IV - 10Fold + No SMOTER,5,XGBoost,464352,51632,0.0841038525346862,0.3439501503959179,63.415035432948166,0.9329274254975521,7.9171130657196045,C:\Users\Poonam Reddy R\Desktop\EVPROJFINAL\EV_Charging_Demand_Prediction\models\dataset_IV_cv\fold_05_xgboost.pkl
Dataset IV - 10Fold + No SMOTER,5,LightGBM,464352,51632,0.07686195231117264,0.3327174046721837,61.94434247596112,0.9372368100486579,3.5682337284088135,C:\Users\Poonam Reddy R\Desktop\EVPROJFINAL\EV_Charging_Demand_Prediction\models\dataset_IV_cv\fold_05_lightgbm.pkl
Dataset IV - 10Fold + No SMOTER,5,CatBoost,464352,51632,0.0798035792663135,0.33903173483299076,61.33407301357502,0.9348319579366459,12.095687627792358,C:\Users\Poonam Reddy R\Desktop\EVPROJFINAL\EV_Charging_Demand_Prediction\models\dataset_IV_cv\fold_05_catboost.pkl
Dataset IV - 10Fold + No SMOTER,5,RandomForest,464352,51632,0.11370095640683972,0.3802342675331947,64.33992460836993,0.9180297089978393,103.01621270179749,C:\Users\Poonam Reddy R\Desktop\EVPROJFINAL\EV_Charging_Demand_Prediction\models\dataset_IV_cv\fold_05_randomforest.pkl
Dataset IV - 10Fold + No SMOTER,5,ExtraTrees,464352,51632,0.11478611450140284,0.38373285112784933,70.5464805290543,0.9165143312999928,71.98621368408203,C:\Users\Poonam Reddy R\Desktop\EVPROJFINAL\EV_Charging_Demand_Prediction\models\dataset_IV_cv\fold_05_extratrees.pkl
Dataset IV - 10Fold + No SMOTER,6,XGBoost,464352,51632,0.06259267152760763,0.28337143280370963,51.55876038787347,0.9325452535567531,8.331399202346802,C:\Users\Poonam Reddy R\Desktop\EVPROJFINAL\EV_Charging_Demand_Prediction\models\dataset_IV_cv\fold_06_xgboost.pkl
Dataset IV - 10Fold + No SMOTER,6,LightGBM,464352,51632,0.059599476370598405,0.2812161436728535,50.5542103041955,0.9335674567614655,4.1828765869140625,C:\Users\Poonam Reddy R\Desktop\EVPROJFINAL\EV_Charging_Demand_Prediction\models\dataset_IV_cv\fold_06_lightgbm.pkl
Dataset IV - 10Fold + No SMOTER,6,CatBoost,464352,51632,0.059826588645468005,0.28520143508565005,51.273548403825856,0.9316711997981427,14.444189310073853,C:\Users\Poonam Reddy R\Desktop\EVPROJFINAL\EV_Charging_Demand_Prediction\models\dataset_IV_cv\fold_06_catboost.pkl
Dataset IV - 10Fold + No SMOTER,6,RandomForest,464352,51632,0.09171505633361854,0.3327776820108306,55.76469536081512,0.9069730533734474,118.73778939247131,C:\Users\Poonam Reddy R\Desktop\EVPROJFINAL\EV_Charging_Demand_Prediction\models\dataset_IV_cv\fold_06_randomforest.pkl
Dataset IV - 10Fold + No SMOTER,6,ExtraTrees,464352,51632,0.09724150617614688,0.34494516934261965,56.224748291450275,0.9000459221604249,70.87126755714417,C:\Users\Poonam Reddy R\Desktop\EVPROJFINAL\EV_Charging_Demand_Prediction\models\dataset_IV_cv\fold_06_extratrees.pkl
Dataset IV - 10Fold + No SMOTER,7,XGBoost,464352,51632,0.062856100329361,0.3059184661221105,52.261175187936516,0.9384786311217921,9.229954242706299,C:\Users\Poonam Reddy R\Desktop\EVPROJFINAL\EV_Charging_Demand_Prediction\models\dataset_IV_cv\fold_07_xgboost.pkl
Dataset IV - 10Fold + No SMOTER,7,LightGBM,464352,51632,0.0601892753073626,0.3019331460321016,51.44606472635959,0.9400711162505437,3.8648569583892822,C:\Users\Poonam Reddy R\Desktop\EVPROJFINAL\EV_Charging_Demand_Prediction\models\dataset_IV_cv\fold_07_lightgbm.pkl
Dataset IV - 10Fold + No SMOTER,7,CatBoost,464352,51632,0.06332950207874641,0.3069996211512933,52.34807069315455,0.9380430139264754,12.897401094436646,C:\Users\Poonam Reddy R\Desktop\EVPROJFINAL\EV_Charging_Demand_Prediction\models\dataset_IV_cv\fold_07_catboost.pkl
Dataset IV - 10Fold + No SMOTER,7,RandomForest,464352,51632,0.07795139918138966,0.3261288960135624,54.40034779083722,0.9300813290023556,134.26036429405212,C:\Users\Poonam Reddy R\Desktop\EVPROJFINAL\EV_Charging_Demand_Prediction\models\dataset_IV_cv\fold_07_randomforest.pkl
Dataset IV - 10Fold + No SMOTER,7,ExtraTrees,464352,51632,0.08338563298677631,0.3387376408644042,57.05398422783327,0.9245704492380694,79.37685036659241,C:\Users\Poonam Reddy R\Desktop\EVPROJFINAL\EV_Charging_Demand_Prediction\models\dataset_IV_cv\fold_07_extratrees.pkl
Dataset IV - 10Fold + No SMOTER,8,XGBoost,464464,51520,0.07860437425448345,0.3344318491685088,51.48737601882786,0.9392554497080357,12.189648628234863,C:\Users\Poonam Reddy R\Desktop\EVPROJFINAL\EV_Charging_Demand_Prediction\models\dataset_IV_cv\fold_08_xgboost.pkl
Dataset IV - 10Fold + No SMOTER,8,LightGBM,464464,51520,0.07790894846496646,0.33462773786904765,50.90223435298405,0.9391842683541293,5.18528938293457,C:\Users\Poonam Reddy R\Desktop\EVPROJFINAL\EV_Charging_Demand_Prediction\models\dataset_IV_cv\fold_08_lightgbm.pkl
Dataset IV - 10Fold + No SMOTER,8,CatBoost,464464,51520,0.08144018020489148,0.3407377984025599,51.07825042344908,0.9369430897451975,18.70362663269043,C:\Users\Poonam Reddy R\Desktop\EVPROJFINAL\EV_Charging_Demand_Prediction\models\dataset_IV_cv\fold_08_catboost.pkl
Dataset IV - 10Fold + No SMOTER,8,RandomForest,464464,51520,0.0939905904722919,0.35911010455147946,51.998480652414656,0.9299598106392508,153.38589191436768,C:\Users\Poonam Reddy R\Desktop\EVPROJFINAL\EV_Charging_Demand_Prediction\models\dataset_IV_cv\fold_08_randomforest.pkl
Dataset IV - 10Fold + No SMOTER,8,ExtraTrees,464464,51520,0.10679060687828602,0.3777499440573769,56.27931781535058,0.9225001470934452,75.93507242202759,C:\Users\Poonam Reddy R\Desktop\EVPROJFINAL\EV_Charging_Demand_Prediction\models\dataset_IV_cv\fold_08_extratrees.pkl
Dataset IV - 10Fold + No SMOTER,9,XGBoost,464464,51520,0.05841753742368035,0.29323894401672707,50.20031986832072,0.9377726368442338,9.901402950286865,C:\Users\Poonam Reddy R\Desktop\EVPROJFINAL\EV_Charging_Demand_Prediction\models\dataset_IV_cv\fold_09_xgboost.pkl
Dataset IV - 10Fold + No SMOTER,9,LightGBM,464464,51520,0.05445419725319794,0.28934909727405256,50.166820758590944,0.9394125927119679,5.398463010787964,C:\Users\Poonam Reddy R\Desktop\EVPROJFINAL\EV_Charging_Demand_Prediction\models\dataset_IV_cv\fold_09_lightgbm.pkl
Dataset IV - 10Fold + No SMOTER,9,CatBoost,464464,51520,0.056219347549413934,0.292837942318292,50.559848044956524,0.9379427112298375,14.62540078163147,C:\Users\Poonam Reddy R\Desktop\EVPROJFINAL\EV_Charging_Demand_Prediction\models\dataset_IV_cv\fold_09_catboost.pkl
Dataset IV - 10Fold + No SMOTER,9,RandomForest,464464,51520,0.07349142201084231,0.3087122370577613,47.98160632089474,0.9310322918462586,124.3527319431305,C:\Users\Poonam Reddy R\Desktop\EVPROJFINAL\EV_Charging_Demand_Prediction\models\dataset_IV_cv\fold_09_randomforest.pkl
Dataset IV - 10Fold + No SMOTER,9,ExtraTrees,464464,51520,0.07540313888768695,0.3199885564399521,52.22559513600131,0.9259019124694762,66.99420475959778,C:\Users\Poonam Reddy R\Desktop\EVPROJFINAL\EV_Charging_Demand_Prediction\models\dataset_IV_cv\fold_09_extratrees.pkl
Dataset IV - 10Fold + No SMOTER,10,XGBoost,464464,51520,0.07816494496160048,0.3133991995387751,47.68069793722685,0.9329051630746472,9.19527792930603,C:\Users\Poonam Reddy R\Desktop\EVPROJFINAL\EV_Charging_Demand_Prediction\models\dataset_IV_cv\fold_10_xgboost.pkl
Dataset IV - 10Fold + No SMOTER,10,LightGBM,464464,51520,0.06941957649383355,0.30453079330111366,45.78533763932053,0.9366486661132508,3.7938709259033203,C:\Users\Poonam Reddy R\Desktop\EVPROJFINAL\EV_Charging_Demand_Prediction\models\dataset_IV_cv\fold_10_lightgbm.pkl
Dataset IV - 10Fold + No SMOTER,10,CatBoost,464464,51520,0.0679513944665033,0.3095568929211759,47.42098535946514,0.9345402573281494,13.967901706695557,C:\Users\Poonam Reddy R\Desktop\EVPROJFINAL\EV_Charging_Demand_Prediction\models\dataset_IV_cv\fold_10_catboost.pkl
Dataset IV - 10Fold + No SMOTER,10,RandomForest,464464,51520,0.10043262039823463,0.3504239811299368,50.10949610210719,0.9161156440445001,121.93877863883972,C:\Users\Poonam Reddy R\Desktop\EVPROJFINAL\EV_Charging_Demand_Prediction\models\dataset_IV_cv\fold_10_randomforest.pkl
Dataset IV - 10Fold + No SMOTER,10,ExtraTrees,464464,51520,0.09882415560945564,0.35476936244112595,57.93793057957033,0.91402235388251,88.32370257377625,C:\Users\Poonam Reddy R\Desktop\EVPROJFINAL\EV_Charging_Demand_Prediction\models\dataset_IV_cv\fold_10_extratrees.pkl
