dataset,fold,model,train_rows_original,validation_rows,train_rows_after_smoter,rare_threshold,MAE,RMSE,MAPE,R2,training_time_seconds,model_path
Dataset III - 10Fold + SMOTER,1,XGBoost,464352,51632,464352,6.267008943358729,0.10022412258256398,0.3549997988971521,57.532261437672936,0.9231711838982839,9.97567081451416,C:\Users\Poonam Reddy R\Desktop\EVPROJFINAL\EV_Charging_Demand_Prediction\models\dataset_III_cv\fold_01_xgboost.pkl
Dataset III - 10Fold + SMOTER,1,LightGBM,464352,51632,464352,6.267008943358729,0.08959944065675192,0.35005459544169026,57.597951474256604,0.9252967504858687,3.8417398929595947,C:\Users\Poonam Reddy R\Desktop\EVPROJFINAL\EV_Charging_Demand_Prediction\models\dataset_III_cv\fold_01_lightgbm.pkl
Dataset III - 10Fold + SMOTER,1,CatBoost,464352,51632,464352,6.267008943358729,0.12398982477161331,0.3826828772851848,66.45879632863478,0.9107216843456403,16.163076400756836,C:\Users\Poonam Reddy R\Desktop\EVPROJFINAL\EV_Charging_Demand_Prediction\models\dataset_III_cv\fold_01_catboost.pkl
Dataset III - 10Fold + SMOTER,1,RandomForest,464352,51632,464352,6.267008943358729,0.09895609677851183,0.35475496435213044,57.79528145844659,0.9232771212074217,660.0028967857361,C:\Users\Poonam Reddy R\Desktop\EVPROJFINAL\EV_Charging_Demand_Prediction\models\dataset_III_cv\fold_01_randomforest.pkl
Dataset III - 10Fold + SMOTER,1,ExtraTrees,464352,51632,464352,6.267008943358729,0.09818704034437795,0.3591398976660037,59.038237353015965,0.9213687398024969,354.06227445602417,C:\Users\Poonam Reddy R\Desktop\EVPROJFINAL\EV_Charging_Demand_Prediction\models\dataset_III_cv\fold_01_extratrees.pkl
Dataset III - 10Fold + SMOTER,2,XGBoost,464352,51632,464352,6.267008943358729,0.12589280517372317,0.36666439332484385,43.22627256101839,0.9238929618593419,21.95229721069336,C:\Users\Poonam Reddy R\Desktop\EVPROJFINAL\EV_Charging_Demand_Prediction\models\dataset_III_cv\fold_02_xgboost.pkl
Dataset III - 10Fold + SMOTER,2,LightGBM,464352,51632,464352,6.267008943358729,0.10433647557954706,0.352096170370298,42.82909666747092,0.9298205519754197,9.456413984298706,C:\Users\Poonam Reddy R\Desktop\EVPROJFINAL\EV_Charging_Demand_Prediction\models\dataset_III_cv\fold_02_lightgbm.pkl
Dataset III - 10Fold + SMOTER,2,CatBoost,464352,51632,464352,6.267008943358729,0.10603081837713178,0.3761674474435768,44.67213288384866,0.919896818509746,42.53820180892944,C:\Users\Poonam Reddy R\Desktop\EVPROJFINAL\EV_Charging_Demand_Prediction\models\dataset_III_cv\fold_02_catboost.pkl
Dataset III - 10Fold + SMOTER,2,RandomForest,464352,51632,464352,6.267008943358729,0.1202274936732978,0.37774104601891595,43.65376029606999,0.9192252351373025,841.7304809093475,C:\Users\Poonam Reddy R\Desktop\EVPROJFINAL\EV_Charging_Demand_Prediction\models\dataset_III_cv\fold_02_randomforest.pkl
Dataset III - 10Fold + SMOTER,2,ExtraTrees,464352,51632,464352,6.267008943358729,0.1095759068243449,0.364439310550378,40.64597815437877,0.9248138619187437,354.16435980796814,C:\Users\Poonam Reddy R\Desktop\EVPROJFINAL\EV_Charging_Demand_Prediction\models\dataset_III_cv\fold_02_extratrees.pkl
Dataset III - 10Fold + SMOTER,3,XGBoost,464352,51632,464352,6.25306619230409,0.06612483308465732,0.3018493920488967,150.29673223703568,0.930238166218948,23.49356198310852,C:\Users\Poonam Reddy R\Desktop\EVPROJFINAL\EV_Charging_Demand_Prediction\models\dataset_III_cv\fold_03_xgboost.pkl
Dataset III - 10Fold + SMOTER,3,LightGBM,464352,51632,464352,6.25306619230409,0.05865996824706638,0.30121088711033506,125.94589217814458,0.9305329898306812,9.385450839996338,C:\Users\Poonam Reddy R\Desktop\EVPROJFINAL\EV_Charging_Demand_Prediction\models\dataset_III_cv\fold_03_lightgbm.pkl
Dataset III - 10Fold + SMOTER,3,CatBoost,464352,51632,464352,6.25306619230409,0.06750108170582168,0.3213833279942435,646.4387577232845,0.9209168491205767,41.496819496154785,C:\Users\Poonam Reddy R\Desktop\EVPROJFINAL\EV_Charging_Demand_Prediction\models\dataset_III_cv\fold_03_catboost.pkl
Dataset III - 10Fold + SMOTER,3,RandomForest,464352,51632,464352,6.25306619230409,0.06866757160625153,0.3061980088537955,83.93207948321118,0.928213628589138,601.12326836586,C:\Users\Poonam Reddy R\Desktop\EVPROJFINAL\EV_Charging_Demand_Prediction\models\dataset_III_cv\fold_03_randomforest.pkl
Dataset III - 10Fold + SMOTER,3,ExtraTrees,464352,51632,464352,6.25306619230409,0.07798057381623155,0.3242204235365576,968.8697715632092,0.9195144317451962,171.71553754806519,C:\Users\Poonam Reddy R\Desktop\EVPROJFINAL\EV_Charging_Demand_Prediction\models\dataset_III_cv\fold_03_extratrees.pkl
Dataset III - 10Fold + SMOTER,4,XGBoost,464352,51632,464352,6.267215297107588,0.08514383492819698,0.3417123306768544,50.5344174161095,0.9230189593017133,8.446152687072754,C:\Users\Poonam Reddy R\Desktop\EVPROJFINAL\EV_Charging_Demand_Prediction\models\dataset_III_cv\fold_04_xgboost.pkl
Dataset III - 10Fold + SMOTER,4,LightGBM,464352,51632,464352,6.267215297107588,0.0848991968860538,0.3361564331305526,47.15108848662501,0.9255018770186197,3.5205841064453125,C:\Users\Poonam Reddy R\Desktop\EVPROJFINAL\EV_Charging_Demand_Prediction\models\dataset_III_cv\fold_04_lightgbm.pkl
Dataset III - 10Fold + SMOTER,4,CatBoost,464352,51632,464352,6.267215297107588,0.094567303554647,0.36077605011543057,69.42496723247406,0.9141900051806893,14.72633981704712,C:\Users\Poonam Reddy R\Desktop\EVPROJFINAL\EV_Charging_Demand_Prediction\models\dataset_III_cv\fold_04_catboost.pkl
Dataset III - 10Fold + SMOTER,4,RandomForest,464352,51632,464352,6.267215297107588,0.1007573057282516,0.3561046004163302,57.119556515756344,0.9163978117033565,291.5882775783539,C:\Users\Poonam Reddy R\Desktop\EVPROJFINAL\EV_Charging_Demand_Prediction\models\dataset_III_cv\fold_04_randomforest.pkl
Dataset III - 10Fold + SMOTER,4,ExtraTrees,464352,51632,464352,6.267215297107588,0.09683524035447824,0.35250773612807473,68.38786201577328,0.9180781442432568,174.82965755462646,C:\Users\Poonam Reddy R\Desktop\EVPROJFINAL\EV_Charging_Demand_Prediction\models\dataset_III_cv\fold_04_extratrees.pkl
Dataset III - 10Fold + SMOTER,5,XGBoost,464352,51632,464352,6.268073689858702,0.12139569403235866,0.36582697438872225,71.27184438831962,0.9241238267408514,7.774916172027588,C:\Users\Poonam Reddy R\Desktop\EVPROJFINAL\EV_Charging_Demand_Prediction\models\dataset_III_cv\fold_05_xgboost.pkl
Dataset III - 10Fold + SMOTER,5,LightGBM,464352,51632,464352,6.268073689858702,0.09271801281796198,0.363325967259865,65.48963198029395,0.9251577481566605,3.4844141006469727,C:\Users\Poonam Reddy R\Desktop\EVPROJFINAL\EV_Charging_Demand_Prediction\models\dataset_III_cv\fold_05_lightgbm.pkl
Dataset III - 10Fold + SMOTER,5,CatBoost,464352,51632,464352,6.268073689858702,0.09351825232358499,0.3885156257093629,63.04013041701493,0.9144202625200086,14.151512145996094,C:\Users\Poonam Reddy R\Desktop\EVPROJFINAL\EV_Charging_Demand_Prediction\models\dataset_III_cv\fold_05_catboost.pkl
Dataset III - 10Fold + SMOTER,5,RandomForest,464352,51632,464352,6.268073689858702,0.10599471825088247,0.37799006168053484,66.7843958844997,0.9189944580828884,309.2904486656189,C:\Users\Poonam Reddy R\Desktop\EVPROJFINAL\EV_Charging_Demand_Prediction\models\dataset_III_cv\fold_05_randomforest.pkl
Dataset III - 10Fold + SMOTER,5,ExtraTrees,464352,51632,464352,6.268073689858702,0.10044869729351169,0.36436129477485124,66.01910629947275,0.9247306020049906,162.3672444820404,C:\Users\Poonam Reddy R\Desktop\EVPROJFINAL\EV_Charging_Demand_Prediction\models\dataset_III_cv\fold_05_extratrees.pkl
Dataset III - 10Fold + SMOTER,6,XGBoost,464352,51632,464352,6.267008943358729,0.06884596886139162,0.30262595533229414,54.85364867711445,0.9230669892344188,7.640835762023926,C:\Users\Poonam Reddy R\Desktop\EVPROJFINAL\EV_Charging_Demand_Prediction\models\dataset_III_cv\fold_06_xgboost.pkl
Dataset III - 10Fold + SMOTER,6,LightGBM,464352,51632,464352,6.267008943358729,0.06894741868698473,0.29944149834072287,56.69451810740945,0.9246775641126708,3.374053955078125,C:\Users\Poonam Reddy R\Desktop\EVPROJFINAL\EV_Charging_Demand_Prediction\models\dataset_III_cv\fold_06_lightgbm.pkl
Dataset III - 10Fold + SMOTER,6,CatBoost,464352,51632,464352,6.267008943358729,0.07074840062282481,0.33387196272590686,58.544298071595826,0.9063602420528318,13.989146709442139,C:\Users\Poonam Reddy R\Desktop\EVPROJFINAL\EV_Charging_Demand_Prediction\models\dataset_III_cv\fold_06_catboost.pkl
Dataset III - 10Fold + SMOTER,6,RandomForest,464352,51632,464352,6.267008943358729,0.08474269554704013,0.3271481837657914,61.0892431973472,0.9100938482254703,289.9756052494049,C:\Users\Poonam Reddy R\Desktop\EVPROJFINAL\EV_Charging_Demand_Prediction\models\dataset_III_cv\fold_06_randomforest.pkl
Dataset III - 10Fold + SMOTER,6,ExtraTrees,464352,51632,464352,6.267008943358729,0.08844391604167713,0.33283628105638613,61.72901475702094,0.9069402881338375,176.21018600463867,C:\Users\Poonam Reddy R\Desktop\EVPROJFINAL\EV_Charging_Demand_Prediction\models\dataset_III_cv\fold_06_extratrees.pkl
Dataset III - 10Fold + SMOTER,7,XGBoost,464352,51632,464352,6.255842857763678,0.0977032006011233,0.3289202392324718,57.392904890898535,0.9288793366026242,7.708401679992676,C:\Users\Poonam Reddy R\Desktop\EVPROJFINAL\EV_Charging_Demand_Prediction\models\dataset_III_cv\fold_07_xgboost.pkl
Dataset III - 10Fold + SMOTER,7,LightGBM,464352,51632,464352,6.255842857763678,0.08638609621830311,0.32419185150817703,54.735715152211114,0.9309094271495849,3.4260497093200684,C:\Users\Poonam Reddy R\Desktop\EVPROJFINAL\EV_Charging_Demand_Prediction\models\dataset_III_cv\fold_07_lightgbm.pkl
Dataset III - 10Fold + SMOTER,7,CatBoost,464352,51632,464352,6.255842857763678,0.18316891386782694,0.4411825115434483,59.578687392182374,0.8720467912336118,14.204882383346558,C:\Users\Poonam Reddy R\Desktop\EVPROJFINAL\EV_Charging_Demand_Prediction\models\dataset_III_cv\fold_07_catboost.pkl
Dataset III - 10Fold + SMOTER,7,RandomForest,464352,51632,464352,6.255842857763678,0.07228402641855657,0.32573608045487706,54.79916048239861,0.9302496587734757,299.6762261390686,C:\Users\Poonam Reddy R\Desktop\EVPROJFINAL\EV_Charging_Demand_Prediction\models\dataset_III_cv\fold_07_randomforest.pkl
Dataset III - 10Fold + SMOTER,7,ExtraTrees,464352,51632,464352,6.255842857763678,0.07628822832607991,0.33149409587319156,58.95264759528739,0.92776191915192,167.4426519870758,C:\Users\Poonam Reddy R\Desktop\EVPROJFINAL\EV_Charging_Demand_Prediction\models\dataset_III_cv\fold_07_extratrees.pkl
Dataset III - 10Fold + SMOTER,8,XGBoost,464464,51520,464464,6.256948793294474,0.10991671611513865,0.36781676265256263,57.07584956608061,0.9265223774004651,7.747113466262817,C:\Users\Poonam Reddy R\Desktop\EVPROJFINAL\EV_Charging_Demand_Prediction\models\dataset_III_cv\fold_08_xgboost.pkl
Dataset III - 10Fold + SMOTER,8,LightGBM,464464,51520,464464,6.256948793294474,0.7325761410091872,0.8101103897966344,69.99057791419983,0.6435648997058787,3.386324882507324,C:\Users\Poonam Reddy R\Desktop\EVPROJFINAL\EV_Charging_Demand_Prediction\models\dataset_III_cv\fold_08_lightgbm.pkl
Dataset III - 10Fold + SMOTER,8,CatBoost,464464,51520,464464,6.256948793294474,0.1445195288321603,0.4087571837809877,64.40443654101684,0.909254968133536,14.078822374343872,C:\Users\Poonam Reddy R\Desktop\EVPROJFINAL\EV_Charging_Demand_Prediction\models\dataset_III_cv\fold_08_catboost.pkl
Dataset III - 10Fold + SMOTER,8,RandomForest,464464,51520,464464,6.256948793294474,0.09204274559054577,0.3673255590887339,54.72737909387083,0.9267184988053023,303.74686765670776,C:\Users\Poonam Reddy R\Desktop\EVPROJFINAL\EV_Charging_Demand_Prediction\models\dataset_III_cv\fold_08_randomforest.pkl
Dataset III - 10Fold + SMOTER,8,ExtraTrees,464464,51520,464464,6.256948793294474,0.09920067432381445,0.37234655674972306,56.73253111610308,0.9247014271484975,163.0691111087799,C:\Users\Poonam Reddy R\Desktop\EVPROJFINAL\EV_Charging_Demand_Prediction\models\dataset_III_cv\fold_08_extratrees.pkl
Dataset III - 10Fold + SMOTER,9,XGBoost,464464,51520,464464,6.233296679129096,0.06815190024808278,0.30753069246701364,55.31524158774657,0.9315592063709854,7.808722972869873,C:\Users\Poonam Reddy R\Desktop\EVPROJFINAL\EV_Charging_Demand_Prediction\models\dataset_III_cv\fold_09_xgboost.pkl
Dataset III - 10Fold + SMOTER,9,LightGBM,464464,51520,464464,6.233296679129096,0.05885277430521699,0.31061824017138817,56.46447702422097,0.9301780434688773,3.5075109004974365,C:\Users\Poonam Reddy R\Desktop\EVPROJFINAL\EV_Charging_Demand_Prediction\models\dataset_III_cv\fold_09_lightgbm.pkl
Dataset III - 10Fold + SMOTER,9,CatBoost,464464,51520,464464,6.233296679129096,0.07785321251509761,0.3283569234882841,62.252659730871564,0.9219755959003602,14.507483959197998,C:\Users\Poonam Reddy R\Desktop\EVPROJFINAL\EV_Charging_Demand_Prediction\models\dataset_III_cv\fold_09_catboost.pkl
Dataset III - 10Fold + SMOTER,9,RandomForest,464464,51520,464464,6.233296679129096,0.06658762724118163,0.31472837562365413,54.20848389123487,0.9283180344796904,325.1426718235016,C:\Users\Poonam Reddy R\Desktop\EVPROJFINAL\EV_Charging_Demand_Prediction\models\dataset_III_cv\fold_09_randomforest.pkl
Dataset III - 10Fold + SMOTER,9,ExtraTrees,464464,51520,464464,6.233296679129096,0.06842091136213367,0.31458161122605355,54.152332936312995,0.9283848724795114,168.4294090270996,C:\Users\Poonam Reddy R\Desktop\EVPROJFINAL\EV_Charging_Demand_Prediction\models\dataset_III_cv\fold_09_extratrees.pkl
Dataset III - 10Fold + SMOTER,10,XGBoost,464464,51520,464464,6.24676645836361,0.0901122676296267,0.346048687471044,66.79680269193584,0.9181972792356015,7.972440004348755,C:\Users\Poonam Reddy R\Desktop\EVPROJFINAL\EV_Charging_Demand_Prediction\models\dataset_III_cv\fold_10_xgboost.pkl
Dataset III - 10Fold + SMOTER,10,LightGBM,464464,51520,464464,6.24676645836361,0.0733606243013491,0.3303861085304039,54.40803085937961,0.9254346787761852,3.336350440979004,C:\Users\Poonam Reddy R\Desktop\EVPROJFINAL\EV_Charging_Demand_Prediction\models\dataset_III_cv\fold_10_lightgbm.pkl
Dataset III - 10Fold + SMOTER,10,CatBoost,464464,51520,464464,6.24676645836361,0.08956127373150492,0.3608633635288282,62.38316622202061,0.9110432471979376,14.015974998474121,C:\Users\Poonam Reddy R\Desktop\EVPROJFINAL\EV_Charging_Demand_Prediction\models\dataset_III_cv\fold_10_catboost.pkl
Dataset III - 10Fold + SMOTER,10,RandomForest,464464,51520,464464,6.24676645836361,0.10337329009605711,0.3755418849656156,74.72079950336595,0.903659233010572,305.83089327812195,C:\Users\Poonam Reddy R\Desktop\EVPROJFINAL\EV_Charging_Demand_Prediction\models\dataset_III_cv\fold_10_randomforest.pkl
Dataset III - 10Fold + SMOTER,10,ExtraTrees,464464,51520,464464,6.24676645836361,0.09237097903417227,0.34727695638227357,65.00379913629476,0.9176155457556382,165.6249668598175,C:\Users\Poonam Reddy R\Desktop\EVPROJFINAL\EV_Charging_Demand_Prediction\models\dataset_III_cv\fold_10_extratrees.pkl
