evaluation,model,mae,rmse,mape,r2,train_rows,test_rows,fold,validation_rows
80_20,GNN_LSTM_TRANSFORMER,0.06394656459919415,0.37646928573497135,57.050670603112074,0.9070432915480117,515984,129024.0,,
80_20,CNN_LSTM,0.06891671639933376,0.379899354691266,59.30101172857493,0.9053416894888857,515984,129024.0,,
80_20,TRANSFORMER_ATTENTION,0.0685459400691246,0.37997120371330007,56.49986367383549,0.9053058813197573,515984,129024.0,,
80_20,GNN_BILSTM,0.06370228429598604,0.3769181604706793,61.53974214730356,0.9068214896905782,515984,129024.0,,
80_20,AUTOENCODER_LSTM,0.18090137919863813,0.5534768408624667,133.24508858299177,0.7990812146854741,515984,129024.0,,
10_fold,GNN_LSTM_TRANSFORMER,0.0716849247350109,0.32668579539255765,56.01488164536514,0.9349378471531565,464352,,1.0,51632.0
10_fold,CNN_LSTM,0.07273859894739557,0.32996404238513766,54.44936372041806,0.9336255159967244,464352,,1.0,51632.0
10_fold,TRANSFORMER_ATTENTION,0.07305670693876146,0.32950717450329575,54.843852628546685,0.9338091928370843,464352,,1.0,51632.0
10_fold,GNN_BILSTM,0.0719061541975599,0.3260521712756571,55.99879973230726,0.9351899852672342,464352,,1.0,51632.0
10_fold,AUTOENCODER_LSTM,0.12908012286945938,0.45960245441145586,66.15938903168566,0.8712246895782383,464352,,1.0,51632.0
10_fold,GNN_LSTM_TRANSFORMER,0.07384499890757582,0.32015146864658267,37.197532319373735,0.9419772455037231,464352,,2.0,51632.0
10_fold,CNN_LSTM,0.0751637436287497,0.32396896035705974,37.56661015886506,0.9405852670227844,464352,,2.0,51632.0
10_fold,TRANSFORMER_ATTENTION,0.07718460910725565,0.32559076627516553,37.88345875594686,0.9399889114026457,464352,,2.0,51632.0
10_fold,GNN_BILSTM,0.07356637623844146,0.31967965023714046,37.09054610890625,0.9421481398070938,464352,,2.0,51632.0
10_fold,AUTOENCODER_LSTM,0.15700294794352584,0.5201073900493123,64.31487403814778,0.8468653767529151,464352,,2.0,51632.0
10_fold,GNN_LSTM_TRANSFORMER,0.05536264309914177,0.2838270382160078,169.47235540295253,0.9383199371345424,464352,,3.0,51632.0
10_fold,CNN_LSTM,0.05828632676726786,0.2865291268870129,159.93549041351872,0.9371399343992814,464352,,3.0,51632.0
10_fold,TRANSFORMER_ATTENTION,0.0575261154795322,0.28776170242216975,167.55982197243725,0.9365979550968113,464352,,3.0,51632.0
10_fold,GNN_BILSTM,0.055344741468471265,0.28472799071536625,161.6832392663444,0.9379277334432551,464352,,3.0,51632.0
10_fold,AUTOENCODER_LSTM,0.09766977424292494,0.3924885586952841,349.49237622988,0.8820518102779804,464352,,3.0,51632.0
10_fold,GNN_LSTM_TRANSFORMER,0.06792592851794063,0.3124742557972999,43.53949868839473,0.9356288954031926,464352,,4.0,51632.0
10_fold,CNN_LSTM,0.0689767845330657,0.3149923930076515,43.920868157822454,0.9345872197478804,464352,,4.0,51632.0
10_fold,TRANSFORMER_ATTENTION,0.0696482441487169,0.3155030414373392,43.789391655051226,0.9343749605964642,464352,,4.0,51632.0
10_fold,GNN_BILSTM,0.06721263235381557,0.31165948545014527,44.004598238137675,0.9359641504723557,464352,,4.0,51632.0
10_fold,AUTOENCODER_LSTM,0.13191513282670167,0.44990060940356175,92.26168445816499,0.8665570483397825,464352,,4.0,51632.0
10_fold,GNN_LSTM_TRANSFORMER,0.07418556626266594,0.33122870500753077,61.96034235497678,0.9377972045822263,464352,,5.0,51632.0
10_fold,CNN_LSTM,0.07752245334117204,0.3364563479103792,63.56982645922484,0.9358182695497959,464352,,5.0,51632.0
10_fold,TRANSFORMER_ATTENTION,0.07767072610663302,0.33748464536536943,63.38066916585072,0.9354253581732409,464352,,5.0,51632.0
10_fold,GNN_BILSTM,0.07477023676835078,0.3323454570144271,62.50576902169781,0.9373770586355439,464352,,5.0,51632.0
10_fold,AUTOENCODER_LSTM,0.1449767581370963,0.49064709967181597,103.42951470523569,0.8635126376130223,464352,,5.0,51632.0
10_fold,GNN_LSTM_TRANSFORMER,0.05594730104733231,0.2797447524081004,49.940026671112186,0.9342608205292582,464352,,6.0,51632.0
10_fold,CNN_LSTM,0.057774001951756485,0.28140564400482104,51.24640845035257,0.933477894118004,464352,,6.0,51632.0
10_fold,TRANSFORMER_ATTENTION,0.05789977416529181,0.2821622540296726,51.3510756984315,0.9331196997771708,464352,,6.0,51632.0
10_fold,GNN_BILSTM,0.05586996192906834,0.28015597222972943,49.932089197917946,0.9340674076224945,464352,,6.0,51632.0
10_fold,AUTOENCODER_LSTM,0.1121519854615639,0.4145281152926399,107.00029696216245,0.855652799458801,464352,,6.0,51632.0
10_fold,GNN_LSTM_TRANSFORMER,0.05955646533988389,0.29961247980022077,52.59157652473726,0.940988805956435,464352,,7.0,51632.0
10_fold,CNN_LSTM,0.06148960963906413,0.3048523325370704,52.365317775369235,0.938906690970478,464352,,7.0,51632.0
10_fold,TRANSFORMER_ATTENTION,0.06104014708195448,0.30405446370983846,52.1452039282395,0.9392260630329787,464352,,7.0,51632.0
10_fold,GNN_BILSTM,0.05982077671589072,0.2997639457570955,52.586603738314544,0.9409291258904939,464352,,7.0,51632.0
10_fold,AUTOENCODER_LSTM,0.10971097856019699,0.42429882381861567,73.8107573992261,0.8816527257456133,464352,,7.0,51632.0
10_fold,GNN_LSTM_TRANSFORMER,0.07697040157918937,0.3311706557343365,54.38932686704876,0.9404343676242786,464464,,8.0,51520.0
10_fold,CNN_LSTM,0.07845732179649458,0.33666068250790976,52.710362205053364,0.9384430831030477,464464,,8.0,51520.0
10_fold,TRANSFORMER_ATTENTION,0.07914359173442663,0.3374297924980452,52.42093900567881,0.9381615051134072,464464,,8.0,51520.0
10_fold,GNN_BILSTM,0.07702110448566668,0.3316364266683189,54.38684780526724,0.9402666990835579,464464,,8.0,51520.0
10_fold,AUTOENCODER_LSTM,0.13877275031129127,0.4786358311527485,72.25020272061458,0.875576482384238,464464,,8.0,51520.0
10_fold,GNN_LSTM_TRANSFORMER,0.055060074940327455,0.28756835259373287,52.185684068937924,0.940156045570125,464464,,9.0,51520.0
10_fold,CNN_LSTM,0.05510604059432389,0.29079255517025954,51.525041814380415,0.9388065876206756,464464,,9.0,51520.0
10_fold,TRANSFORMER_ATTENTION,0.054660413281381576,0.29017222762535494,51.4514236707318,0.9390673884556361,464464,,9.0,51520.0
10_fold,GNN_BILSTM,0.05523620027284036,0.28826291460655956,52.194827147261634,0.9398666150168911,464464,,9.0,51520.0
10_fold,AUTOENCODER_LSTM,0.08084101828309756,0.3692525285928552,66.46503456513352,0.9013300153585503,464464,,9.0,51520.0
10_fold,GNN_LSTM_TRANSFORMER,0.06568901165814606,0.3019549864995667,46.7390667940629,0.9377158204755028,464464,,10.0,51520.0
10_fold,CNN_LSTM,0.06494218367013027,0.30444829453913663,46.524202361302834,0.9366829857866742,464464,,10.0,51520.0
10_fold,TRANSFORMER_ATTENTION,0.06473403589429498,0.30412808254042345,46.54290949076108,0.9368161066200508,464464,,10.0,51520.0
10_fold,GNN_BILSTM,0.06559228273320471,0.30263855333131423,46.686465390999274,0.9374335029623264,464464,,10.0,51520.0
10_fold,AUTOENCODER_LSTM,0.16363839866871693,0.4880353064230166,94.54437740778042,0.8372969031141322,464464,,10.0,51520.0
