dataset,smoter,evaluation,model,mae,rmse,mape,r2,train_rows,test_rows,fold,validation_rows
dataset_I_SMOTER_train,True,80_20,GNN_LSTM_TRANSFORMER,0.15928184190298653,0.4612580938246145,102.2434216033204,0.8604564918805628,515984,129024.0,,
dataset_I_SMOTER_train,True,80_20,CNN_LSTM,0.11663834602079472,0.42871296674634785,88.3053237566003,0.8794534249913468,515984,129024.0,,
dataset_I_SMOTER_train,True,80_20,TRANSFORMER_ATTENTION,0.15928184190298653,0.4612580938246145,102.2434216033204,0.8604564918805628,515984,129024.0,,
dataset_I_SMOTER_train,True,80_20,GNN_BILSTM,0.1313066478906822,0.43767789050847306,97.33213574015501,0.8743591533577593,515984,129024.0,,
dataset_I_SMOTER_train,True,80_20,AUTOENCODER_LSTM,0.4752354467647871,1.055888000651718,426.2384845612369,0.2687643674743082,515984,129024.0,,
dataset_I_SMOTER_train,True,10_fold,GNN_LSTM_TRANSFORMER,0.04358616220543649,0.15113638561203876,0.6680858393145042,0.03853672380893336,464385,,1.0,51599.0
dataset_I_SMOTER_train,True,10_fold,CNN_LSTM,0.04357112068348652,0.15022436075434825,0.6678360383020574,0.05010551533391383,464385,,1.0,51599.0
dataset_I_SMOTER_train,True,10_fold,TRANSFORMER_ATTENTION,0.04358616220543649,0.15113638561203876,0.6680858393145042,0.03853672380893336,464385,,1.0,51599.0
dataset_I_SMOTER_train,True,10_fold,GNN_BILSTM,0.04348912856506229,0.15024160640587766,0.6666104053438767,0.04988740837063321,464385,,1.0,51599.0
dataset_I_SMOTER_train,True,10_fold,AUTOENCODER_LSTM,0.2391033875925171,0.5907427064024459,3.6709793768476127,-13.688970999842015,464385,,1.0,51599.0
dataset_I_SMOTER_train,True,10_fold,GNN_LSTM_TRANSFORMER,0.04184730635871593,0.12607057734048674,0.6414122990900709,0.31966268569244627,464385,,2.0,51599.0
dataset_I_SMOTER_train,True,10_fold,CNN_LSTM,0.041890943998865185,0.1245964211355968,0.6419704652218121,0.33548017222681104,464385,,2.0,51599.0
dataset_I_SMOTER_train,True,10_fold,TRANSFORMER_ATTENTION,0.04184730635871593,0.12607057734048674,0.6414122990900709,0.31966268569244627,464385,,2.0,51599.0
dataset_I_SMOTER_train,True,10_fold,GNN_BILSTM,0.041785515721405944,0.12468303523619521,0.6404123294909603,0.33455595960183426,464385,,2.0,51599.0
dataset_I_SMOTER_train,True,10_fold,AUTOENCODER_LSTM,0.23869343313978336,0.5916038432245883,3.663449494343248,-13.981620134516932,464385,,2.0,51599.0
dataset_I_SMOTER_train,True,10_fold,GNN_LSTM_TRANSFORMER,0.04193335469484748,0.1252644059484757,0.6428813714648115,0.3272493027397486,464385,,3.0,51599.0
dataset_I_SMOTER_train,True,10_fold,CNN_LSTM,0.042196337070713186,0.12787442050941253,0.6469034779378798,0.2989223092424198,464385,,3.0,51599.0
dataset_I_SMOTER_train,True,10_fold,TRANSFORMER_ATTENTION,0.04193335469484748,0.1252644059484757,0.6428813714648115,0.3272493027397486,464385,,3.0,51599.0
dataset_I_SMOTER_train,True,10_fold,GNN_BILSTM,0.04203272894276307,0.12659243974363366,0.6443255673113769,0.3129088891481253,464385,,3.0,51599.0
dataset_I_SMOTER_train,True,10_fold,AUTOENCODER_LSTM,0.235941262618975,0.5754901120765814,3.6211997095502144,-13.199548074797528,464385,,3.0,51599.0
dataset_I_SMOTER_train,True,10_fold,GNN_LSTM_TRANSFORMER,0.04302362090522775,0.14127639893452773,0.6596120295857574,0.14071127183613086,464385,,4.0,51599.0
dataset_I_SMOTER_train,True,10_fold,CNN_LSTM,0.04261452406305043,0.13579561104782684,0.6532369330670875,0.2060898591158643,464385,,4.0,51599.0
dataset_I_SMOTER_train,True,10_fold,TRANSFORMER_ATTENTION,0.04302362090522775,0.14127639893452773,0.6596120295857574,0.14071127183613086,464385,,4.0,51599.0
dataset_I_SMOTER_train,True,10_fold,GNN_BILSTM,0.04281840730864446,0.13842337086373516,0.6563872770933239,0.17506691123464946,464385,,4.0,51599.0
dataset_I_SMOTER_train,True,10_fold,AUTOENCODER_LSTM,0.23505825906233285,0.569837516808014,3.6080392100724867,-12.979832234736724,464385,,4.0,51599.0
dataset_I_SMOTER_train,True,10_fold,GNN_LSTM_TRANSFORMER,0.041979723744240194,0.1257170949290563,0.6418672021545613,0.34975627025682665,464386,,5.0,51598.0
dataset_I_SMOTER_train,True,10_fold,CNN_LSTM,0.041816492711084695,0.12623485903110343,0.6392760132451256,0.34438920140634965,464386,,5.0,51598.0
dataset_I_SMOTER_train,True,10_fold,TRANSFORMER_ATTENTION,0.041979723744240194,0.1257170949290563,0.6418672021545613,0.34975627025682665,464386,,5.0,51598.0
dataset_I_SMOTER_train,True,10_fold,GNN_BILSTM,0.042246935256542606,0.13107713893414216,0.6459287712975336,0.29312697950679456,464386,,5.0,51598.0
dataset_I_SMOTER_train,True,10_fold,AUTOENCODER_LSTM,0.23724550330160873,0.5807406264388738,3.6384412880974875,-12.875604638474142,464386,,5.0,51598.0
dataset_I_SMOTER_train,True,10_fold,GNN_LSTM_TRANSFORMER,0.0769767664713011,0.36250883356364233,63.88250003515486,0.9005173549951182,464386,,6.0,51598.0
dataset_I_SMOTER_train,True,10_fold,CNN_LSTM,0.07708095766945963,0.3609667717869486,61.68737625490929,0.9013619252855429,464386,,6.0,51598.0
dataset_I_SMOTER_train,True,10_fold,TRANSFORMER_ATTENTION,0.0769767664713011,0.36250883356364233,63.88250003515486,0.9005173549951182,464386,,6.0,51598.0
dataset_I_SMOTER_train,True,10_fold,GNN_BILSTM,0.0767349154335983,0.3616344716846456,64.50737623591787,0.9009966753481654,464386,,6.0,51598.0
dataset_I_SMOTER_train,True,10_fold,AUTOENCODER_LSTM,0.1878579143831265,0.6282440369965326,259.57258586248867,0.7012094304005199,464386,,6.0,51598.0
dataset_I_SMOTER_train,True,10_fold,GNN_LSTM_TRANSFORMER,0.0750810092777972,0.3504937995462937,69.92224953346467,0.9071561370639689,464386,,7.0,51598.0
dataset_I_SMOTER_train,True,10_fold,CNN_LSTM,0.0752638284360286,0.3500189426017281,73.71770269996858,0.9074075405850832,464386,,7.0,51598.0
dataset_I_SMOTER_train,True,10_fold,TRANSFORMER_ATTENTION,0.0750810092777972,0.3504937995462937,69.92224953346467,0.9071561370639689,464386,,7.0,51598.0
dataset_I_SMOTER_train,True,10_fold,GNN_BILSTM,0.07528242541406846,0.35002548927079347,71.62039448862836,0.9074040768990662,464386,,7.0,51598.0
dataset_I_SMOTER_train,True,10_fold,AUTOENCODER_LSTM,0.18671167553976423,0.6244955245513708,423.3992483056362,0.7052517850547666,464386,,7.0,51598.0
dataset_I_SMOTER_train,True,10_fold,GNN_LSTM_TRANSFORMER,0.07479024258049913,0.34844613433117627,72.82957519151566,0.9067555631783003,464386,,8.0,51598.0
dataset_I_SMOTER_train,True,10_fold,CNN_LSTM,0.07513824087665966,0.34892447290493533,72.40597463765702,0.9064993799632339,464386,,8.0,51598.0
dataset_I_SMOTER_train,True,10_fold,TRANSFORMER_ATTENTION,0.07479024258049913,0.34844613433117627,72.82957519151566,0.9067555631783003,464386,,8.0,51598.0
dataset_I_SMOTER_train,True,10_fold,GNN_BILSTM,0.07490471431875953,0.3484830298851597,72.48858121267874,0.9067358155791541,464386,,8.0,51598.0
dataset_I_SMOTER_train,True,10_fold,AUTOENCODER_LSTM,0.18492302666285323,0.6159019832138153,303.8608100411227,0.7086769597035323,464386,,8.0,51598.0
dataset_I_SMOTER_train,True,10_fold,GNN_LSTM_TRANSFORMER,0.07531644700411894,0.34793724058485065,66.09063782349457,0.9066274397915046,464386,,9.0,51598.0
dataset_I_SMOTER_train,True,10_fold,CNN_LSTM,0.07524630828354219,0.34884573935953966,64.1450557145713,0.9061391930910877,464386,,9.0,51598.0
dataset_I_SMOTER_train,True,10_fold,TRANSFORMER_ATTENTION,0.07531644700411894,0.34793724058485065,66.09063782349457,0.9066274397915046,464386,,9.0,51598.0
dataset_I_SMOTER_train,True,10_fold,GNN_BILSTM,0.07509659860262037,0.3481274757715148,63.3998762589378,0.9065253087158297,464386,,9.0,51598.0
dataset_I_SMOTER_train,True,10_fold,AUTOENCODER_LSTM,0.18517719569011074,0.6207299449678505,286.17064362090565,0.7028177741604252,464386,,9.0,51598.0
dataset_I_SMOTER_train,True,10_fold,GNN_LSTM_TRANSFORMER,0.07591421350889356,0.3502936405296325,65.61693610490177,0.9093134152398834,464386,,10.0,51598.0
dataset_I_SMOTER_train,True,10_fold,CNN_LSTM,0.07592178352774419,0.35101019838980346,65.37211406780497,0.9089420202665588,464386,,10.0,51598.0
dataset_I_SMOTER_train,True,10_fold,TRANSFORMER_ATTENTION,0.07591421350889356,0.3502936405296325,65.61693610490177,0.9093134152398834,464386,,10.0,51598.0
dataset_I_SMOTER_train,True,10_fold,GNN_BILSTM,0.07577838114046992,0.3510379651895517,65.35905621262881,0.9089276133421735,464386,,10.0,51598.0
dataset_I_SMOTER_train,True,10_fold,AUTOENCODER_LSTM,0.185711039629279,0.6164389771089844,310.99908526647545,0.719160155960271,464386,,10.0,51598.0
dataset_II_train,False,80_20,GNN_LSTM_TRANSFORMER,0.0685459400691246,0.37997120371330007,56.49986367383549,0.9053058813197573,515984,129024.0,,
dataset_II_train,False,80_20,CNN_LSTM,0.06891671639933376,0.379899354691266,59.30101172857493,0.9053416894888857,515984,129024.0,,
dataset_II_train,False,80_20,TRANSFORMER_ATTENTION,0.0685459400691246,0.37997120371330007,56.49986367383549,0.9053058813197573,515984,129024.0,,
dataset_II_train,False,80_20,GNN_BILSTM,0.06763733061350283,0.38024095461336627,59.83919357904669,0.9051713822283024,515984,129024.0,,
dataset_II_train,False,80_20,AUTOENCODER_LSTM,0.18090137919863813,0.5534768408624667,133.24508858299177,0.7990812146854741,515984,129024.0,,
dataset_II_train,False,10_fold,GNN_LSTM_TRANSFORMER,0.07388104936680849,0.3322170478475025,55.467739827402816,0.9327533638257868,464385,,1.0,51599.0
dataset_II_train,False,10_fold,CNN_LSTM,0.07424555093148363,0.33231574094504945,54.94977062022798,0.9327134034163234,464385,,1.0,51599.0
dataset_II_train,False,10_fold,TRANSFORMER_ATTENTION,0.07388104936680849,0.3322170478475025,55.467739827402816,0.9327533638257868,464385,,1.0,51599.0
dataset_II_train,False,10_fold,GNN_BILSTM,0.07462501745059301,0.3321329889248811,55.428704198016135,0.9327873895610175,464385,,1.0,51599.0
dataset_II_train,False,10_fold,AUTOENCODER_LSTM,0.12996254964894205,0.46689415517282634,65.66357464015837,0.8671799590000984,464385,,1.0,51599.0
dataset_II_train,False,10_fold,GNN_LSTM_TRANSFORMER,0.07580273278122816,0.3262570620984461,37.870980903189725,0.939694455395325,464385,,2.0,51599.0
dataset_II_train,False,10_fold,CNN_LSTM,0.07697528740082688,0.32714264272387283,37.81985725718433,0.9393666286046494,464385,,2.0,51599.0
dataset_II_train,False,10_fold,TRANSFORMER_ATTENTION,0.07580273278122816,0.3262570620984461,37.870980903189725,0.939694455395325,464385,,2.0,51599.0
dataset_II_train,False,10_fold,GNN_BILSTM,0.07659852146123342,0.3271146812528113,37.914972822524476,0.9393769930486799,464385,,2.0,51599.0
dataset_II_train,False,10_fold,AUTOENCODER_LSTM,0.14948612467776803,0.5176744076191576,61.45162210063262,0.8481723772739438,464385,,2.0,51599.0
dataset_II_train,False,10_fold,GNN_LSTM_TRANSFORMER,0.058251872666352525,0.28977260938657534,155.365864837249,0.9352787460919629,464385,,3.0,51599.0
dataset_II_train,False,10_fold,CNN_LSTM,0.05803026239447548,0.28823694935235417,163.5704594777303,0.9359629134688182,464385,,3.0,51599.0
dataset_II_train,False,10_fold,TRANSFORMER_ATTENTION,0.058251872666352525,0.28977260938657534,155.365864837249,0.9352787460919629,464385,,3.0,51599.0
dataset_II_train,False,10_fold,GNN_BILSTM,0.05840433517246208,0.2905380390584782,170.00612544300003,0.9349363742077886,464385,,3.0,51599.0
dataset_II_train,False,10_fold,AUTOENCODER_LSTM,0.09734623191499125,0.39266874217784203,367.5070367709228,0.8811539034642837,464385,,3.0,51599.0
dataset_II_train,False,10_fold,GNN_LSTM_TRANSFORMER,0.07218350942025947,0.3211830792498056,44.054192170763045,0.932539491428301,464385,,4.0,51599.0
dataset_II_train,False,10_fold,CNN_LSTM,0.07199057182520106,0.3202955390337477,44.438059583116825,0.9329118098474384,464385,,4.0,51599.0
dataset_II_train,False,10_fold,TRANSFORMER_ATTENTION,0.07218350942025947,0.3211830792498056,44.054192170763045,0.932539491428301,464385,,4.0,51599.0
dataset_II_train,False,10_fold,GNN_BILSTM,0.07217596230887936,0.321226855522989,44.0788465624312,0.9325211008523514,464385,,4.0,51599.0
dataset_II_train,False,10_fold,AUTOENCODER_LSTM,0.1299085098151957,0.4456821701263163,86.68866054258928,0.8701042875504046,464385,,4.0,51599.0
dataset_II_train,False,10_fold,GNN_LSTM_TRANSFORMER,0.07739958987359812,0.3359119412290632,65.41236734092651,0.9360241638538411,464386,,5.0,51598.0
dataset_II_train,False,10_fold,CNN_LSTM,0.07749981770871432,0.33598137156399066,65.5920913669297,0.9359977145245101,464386,,5.0,51598.0
dataset_II_train,False,10_fold,TRANSFORMER_ATTENTION,0.07739958987359812,0.3359119412290632,65.41236734092651,0.9360241638538411,464386,,5.0,51598.0
dataset_II_train,False,10_fold,GNN_BILSTM,0.07706516956416425,0.33601211409486925,64.95573692255687,0.9359860014807397,464386,,5.0,51598.0
dataset_II_train,False,10_fold,AUTOENCODER_LSTM,0.14455321131906018,0.49174684102160926,129.51495123269444,0.8628965943941704,464386,,5.0,51598.0
dataset_II_train,False,10_fold,GNN_LSTM_TRANSFORMER,0.05910594475148691,0.28214791623613167,52.16098557282317,0.9329485879712668,464386,,6.0,51598.0
dataset_II_train,False,10_fold,CNN_LSTM,0.058526017869384835,0.28237434721638327,52.08295425782783,0.9328409238117276,464386,,6.0,51598.0
dataset_II_train,False,10_fold,TRANSFORMER_ATTENTION,0.05910594475148691,0.28214791623613167,52.16098557282317,0.9329485879712668,464386,,6.0,51598.0
dataset_II_train,False,10_fold,GNN_BILSTM,0.05945371630708629,0.2812074648248887,52.53489440181512,0.9333948326425237,464386,,6.0,51598.0
dataset_II_train,False,10_fold,AUTOENCODER_LSTM,0.11295304621557782,0.4136569001912969,112.20789799480696,0.8558765067400502,464386,,6.0,51598.0
dataset_II_train,False,10_fold,GNN_LSTM_TRANSFORMER,0.061527062818107346,0.3056970720848615,52.319642245270614,0.9386720438348584,464386,,7.0,51598.0
dataset_II_train,False,10_fold,CNN_LSTM,0.06189670503166952,0.30504016373829423,52.434518804815426,0.938935334288221,464386,,7.0,51598.0
dataset_II_train,False,10_fold,TRANSFORMER_ATTENTION,0.061527062818107346,0.3056970720848615,52.319642245270614,0.9386720438348584,464386,,7.0,51598.0
dataset_II_train,False,10_fold,GNN_BILSTM,0.061589439933063574,0.3059511236455274,52.415889029040606,0.9385700674764133,464386,,7.0,51598.0
dataset_II_train,False,10_fold,AUTOENCODER_LSTM,0.1091965594857292,0.4243178488900054,73.25155737692403,0.8818432506044446,464386,,7.0,51598.0
dataset_II_train,False,10_fold,GNN_LSTM_TRANSFORMER,0.07851687561170428,0.3356825210994041,51.9766169944357,0.9385312688279435,464386,,8.0,51598.0
dataset_II_train,False,10_fold,CNN_LSTM,0.07815031815166101,0.33550379181950585,52.03564712031316,0.9385967076675047,464386,,8.0,51598.0
dataset_II_train,False,10_fold,TRANSFORMER_ATTENTION,0.07851687561170428,0.3356825210994041,51.9766169944357,0.9385312688279435,464386,,8.0,51598.0
dataset_II_train,False,10_fold,GNN_BILSTM,0.0785399920870089,0.3353989073710602,52.18611672364153,0.9386350931876548,464386,,8.0,51598.0
dataset_II_train,False,10_fold,AUTOENCODER_LSTM,0.13892775368427454,0.4780695661785344,73.93884258347724,0.8753251119172183,464386,,8.0,51598.0
dataset_II_train,False,10_fold,GNN_LSTM_TRANSFORMER,0.055996912422498726,0.2920565791889392,51.084723780686545,0.9386081623941718,464386,,9.0,51598.0
dataset_II_train,False,10_fold,CNN_LSTM,0.05596511178033895,0.2914154661445154,51.04002373888748,0.9388773972671313,464386,,9.0,51598.0
dataset_II_train,False,10_fold,TRANSFORMER_ATTENTION,0.055996912422498726,0.2920565791889392,51.084723780686545,0.9386081623941718,464386,,9.0,51598.0
dataset_II_train,False,10_fold,GNN_BILSTM,0.055964996342418125,0.29226761073739105,51.126974659129246,0.9385194104457482,464386,,9.0,51598.0
dataset_II_train,False,10_fold,AUTOENCODER_LSTM,0.08122200391291147,0.37088693556915736,67.10013167462708,0.9009944100011511,464386,,9.0,51598.0
dataset_II_train,False,10_fold,GNN_LSTM_TRANSFORMER,0.06536317439986265,0.30540397365118427,46.33326905560945,0.9361977345954725,464386,,10.0,51598.0
dataset_II_train,False,10_fold,CNN_LSTM,0.06604631642161507,0.3058243517124114,45.98791080024731,0.9360219704660567,464386,,10.0,51598.0
dataset_II_train,False,10_fold,TRANSFORMER_ATTENTION,0.06536317439986265,0.30540397365118427,46.33326905560945,0.9361977345954725,464386,,10.0,51598.0
dataset_II_train,False,10_fold,GNN_BILSTM,0.06494555876391965,0.30578250735811197,45.96503691810817,0.936039476829903,464386,,10.0,51598.0
dataset_II_train,False,10_fold,AUTOENCODER_LSTM,0.1597107127953638,0.4856857667134305,90.47040152865105,0.8386394054757728,464386,,10.0,51598.0
