dataset,smoter,evaluation,model,mae,rmse,mape,r2
dataset_II_train,False,10_fold,AUTOENCODER_LSTM,0.1253266703469814,0.44872833336601764,112.77946764454839,0.8682185806421538
dataset_II_train,False,10_fold,CNN_LSTM,0.06793259595153708,0.3124130364250125,61.99512930272804,0.936222480336238
dataset_II_train,False,10_fold,GNN_BILSTM,0.06793627093908286,0.31276322927910083,62.661329768026334,0.9360766739732821
dataset_II_train,False,10_fold,GNN_LSTM_TRANSFORMER,0.06780287241119068,0.3126329802071913,61.20463827283565,0.9361248018218931
dataset_II_train,False,10_fold,TRANSFORMER_ATTENTION,0.06780287241119068,0.3126329802071913,61.20463827283565,0.9361248018218931
dataset_II_train,False,80_20,AUTOENCODER_LSTM,0.18090137919863813,0.5534768408624667,133.24508858299177,0.7990812146854741
dataset_II_train,False,80_20,CNN_LSTM,0.06891671639933376,0.379899354691266,59.30101172857493,0.9053416894888857
dataset_II_train,False,80_20,GNN_BILSTM,0.06763733061350283,0.38024095461336627,59.83919357904669,0.9051713822283024
dataset_II_train,False,80_20,GNN_LSTM_TRANSFORMER,0.0685459400691246,0.37997120371330007,56.49986367383549,0.9053058813197573
dataset_II_train,False,80_20,TRANSFORMER_ATTENTION,0.0685459400691246,0.37997120371330007,56.49986367383549,0.9053058813197573
dataset_I_SMOTER_train,True,10_fold,AUTOENCODER_LSTM,0.2116422697620351,0.6014225271789057,160.22044821755398,-6.318845997708783
dataset_I_SMOTER_train,True,10_fold,CNN_LSTM,0.059074053732063425,0.2424491797521243,34.057744630268516,0.5765337116516865
dataset_I_SMOTER_train,True,10_fold,GNN_BILSTM,0.059016975070393496,0.2430326022985249,34.06289487593286,0.5696135637746426
dataset_I_SMOTER_train,True,10_fold,GNN_LSTM_TRANSFORMER,0.05904488467510778,0.2429144511320181,34.15957574301412,0.5706286164602862
dataset_I_SMOTER_train,True,10_fold,TRANSFORMER_ATTENTION,0.05904488467510778,0.2429144511320181,34.15957574301412,0.5706286164602862
dataset_I_SMOTER_train,True,80_20,AUTOENCODER_LSTM,0.4752354467647871,1.055888000651718,426.2384845612369,0.2687643674743082
dataset_I_SMOTER_train,True,80_20,CNN_LSTM,0.11663834602079472,0.42871296674634785,88.3053237566003,0.8794534249913468
dataset_I_SMOTER_train,True,80_20,GNN_BILSTM,0.1313066478906822,0.43767789050847306,97.33213574015501,0.8743591533577593
dataset_I_SMOTER_train,True,80_20,GNN_LSTM_TRANSFORMER,0.15928184190298653,0.4612580938246145,102.2434216033204,0.8604564918805628
dataset_I_SMOTER_train,True,80_20,TRANSFORMER_ATTENTION,0.15928184190298653,0.4612580938246145,102.2434216033204,0.8604564918805628
