dataset,combination,model_1,model_2,MAE,RMSE,MAPE,R2,ensemble_method
Dataset I,XGBoost + CatBoost,XGBoost,CatBoost,0.1182739938731831,0.4115100830719162,82.2341620413377,0.8889336245881826,50:50 average
Dataset I,XGBoost + LightGBM,XGBoost,LightGBM,0.11289149236420186,0.4017739074280005,64.91884515589629,0.8941270304105354,50:50 average
Dataset I,CatBoost + LightGBM,CatBoost,LightGBM,0.10057227701641666,0.4028135505934512,78.89852221940049,0.8935784008569956,50:50 average
Dataset II,XGBoost + CatBoost,XGBoost,CatBoost,0.07086981040884506,0.37812390325533407,74.68186497893046,0.9062243891617111,50:50 average
Dataset II,XGBoost + LightGBM,XGBoost,LightGBM,0.07140905723274213,0.3776974234398508,80.13520132810301,0.9064358058476525,50:50 average
Dataset II,CatBoost + LightGBM,CatBoost,LightGBM,0.06875802075975458,0.37747838326027155,59.82264061959479,0.9065442967926556,50:50 average
Dataset III,XGBoost + CatBoost,XGBoost,CatBoost,0.12103742170033759,0.40919042052694066,84.21037608632412,0.8901822470609094,50:50 average
Dataset III,XGBoost + LightGBM,XGBoost,LightGBM,0.13578934462352701,0.4012786016698224,70.53088434618611,0.8943879093121982,50:50 average
Dataset III,CatBoost + LightGBM,CatBoost,LightGBM,0.14168525068439725,0.4100470454854525,79.233358119957,0.8897219669951555,50:50 average
Dataset IV,XGBoost + CatBoost,XGBoost,CatBoost,0.07089707283337016,0.3781939975579661,84.1386414785326,0.9061896188378414,50:50 average
Dataset IV,XGBoost + LightGBM,XGBoost,LightGBM,0.07152532087106808,0.3776736733021483,88.5481856447542,0.9064475723702227,50:50 average
Dataset IV,CatBoost + LightGBM,CatBoost,LightGBM,0.06907216043819636,0.37753613913533757,61.096704127484315,0.9065156963265749,50:50 average
