feature,importance_mean,importance_std,factor_group
energy_kwh,1.6634628080163985,0.005818569291647805,other
demand_lag_1,0.28702009799183953,0.004934793699909522,other
active_sessions_site_mean,0.011936980287051258,0.0014393875435802926,other
demand_lag_2,0.011890338838263625,0.0035226666641952156,other
attended_demand,0.0096886374924026,0.000771972247188509,other
hour_sin,0.004434197405281985,0.0006574688018340203,other
rolling_mean_4,0.004249479470971836,0.001790207394024949,other
demand_lag_12,0.0032839892091302003,0.00027998925482816515,other
demand_lag_12_site_mean,0.0020526015506962905,0.0008379096204579547,other
demand_lag_96,0.0018152966804883541,0.0001229256747544078,other
hour,0.0018148539248909652,6.180495747461445e-05,other
demand_lag_4,0.0014036516162599193,0.00025844232239739004,other
rolling_mean_12,0.0011991642979074513,0.0003275585595548962,other
hour_sin_site_mean,0.0011312219492689197,6.958567411053392e-05,other
energy_kwh_site_mean,0.0009787329618026381,0.00012030395550097262,other
energy_kwh_site_max,0.000888812772469901,0.0007766334360429132,other
demand_lag_1_site_mean,0.0007791871717077367,0.0006305091974897212,other
demand_lag_4_site_mean,0.0005974167599931043,0.0001278706333711832,other
rolling_mean_96,0.0004002386985811161,0.0003765282948494009,other
demand_lag_2_site_max,0.00033634925838810226,0.00018468623928607862,other
rolling_mean_12_site_mean,0.0003200309713165539,0.0001404953904214055,other
rolling_mean_4_site_mean,0.0002739052502808888,0.00018560102410780297,other
demand_lag_1_site_max,0.00023170049789609606,0.000124258571720375,other
hour_cos,0.00021009851765507737,0.0013683608135751232,other
demand_lag_96_site_mean,0.00020242146018578655,0.00013415171103178637,other
demand_lag_12_site_max,7.877634221851541e-05,5.785046847474177e-05,other
rolling_mean_96_site_max,5.787889514130562e-05,0.00019613282304360794,other
rolling_mean_4_site_max,5.7159581081471046e-05,0.0002095510538258835,other
price_imputed,2.1602899106391387e-05,3.2880473597678656e-05,electricity_price
day_of_week,1.857533456719092e-05,0.000299412635356135,other
day_sin,1.298014241033855e-05,3.209554904876324e-05,other
weather_code,1.1007409208914817e-05,7.814388761193886e-05,weather
demand_kw,0.0,0.0,other
active_sessions,0.0,0.0,other
day_sin_site_max,0.0,0.0,other
hour_cos_site_max,0.0,0.0,other
hour_sin_site_max,0.0,0.0,other
day_of_week_site_mean,0.0,0.0,other
is_weekend_site_mean,0.0,0.0,other
hour_cos_site_mean,0.0,0.0,other
is_weekend,0.0,0.0,other
day_cos_site_mean,0.0,0.0,other
minute_site_mean,0.0,0.0,other
price_imputed_site_mean,0.0,0.0,other
weather_code_site_mean,0.0,0.0,other
precipitation_site_mean,0.0,0.0,other
relative_humidity_2m_site_mean,0.0,0.0,other
temperature_2m_site_mean,0.0,0.0,other
demand_kw_site_mean,0.0,0.0,other
hour_site_mean,0.0,0.0,other
demand_lag_4_sequence,0.0,0.0,other
demand_lag_12_sequence,0.0,0.0,other
demand_lag_96_sequence,0.0,0.0,other
is_weekend_site_max,0.0,0.0,other
day_of_week_site_max,0.0,0.0,other
minute_site_max,0.0,0.0,other
day_sin_site_mean,0.0,0.0,other
demand_kw_site_max,0.0,0.0,other
price_imputed_site_max,0.0,0.0,other
hour_site_max,0.0,0.0,other
active_sessions_site_max,0.0,0.0,other
temperature_2m_site_max,0.0,0.0,other
relative_humidity_2m_site_max,0.0,0.0,other
precipitation_site_max,0.0,0.0,other
weather_code_site_max,0.0,0.0,other
electricity_price_site_max,0.0,0.0,other
recent_demand,0.0,0.0,other
demand_lag_1_sequence,0.0,0.0,other
day_cos_site_max,0.0,0.0,other
demand_lag_2_sequence,0.0,0.0,other
minute,-3.7739563987226887e-06,1.278321727117156e-05,other
precipitation,-2.584362996153426e-05,4.577080885721129e-05,weather
demand_lag_2_site_mean,-6.0219621541771996e-05,6.598152183676009e-05,other
day_cos,-0.00010947895444048579,0.00022652570752793727,other
temperature_2m,-0.00020831315822480065,2.4837863058948205e-05,weather
electricity_price,-0.00023580127110854146,0.0003003289240941293,electricity_price
demand_lag_96_site_max,-0.0002473398633610069,0.00036873063889517873,other
relative_humidity_2m,-0.0002832432156631241,0.00021855391366512814,weather
demand_lag_4_site_max,-0.0003129484053689587,0.0008502491485510893,other
rolling_mean_12_site_max,-0.00034293406874019716,0.0008626767873939708,other
electricity_price_site_mean,-0.0003550472094944375,0.00021560243396126567,other
rolling_mean_96_site_mean,-0.0006806142131613643,0.000277994673312296,other
