evaluation,variant,model,mae,rmse,mape,r2,fold
80_20,full_weather_price,GNN_LSTM_TRANSFORMER,0.06394656459919415,0.37646928573497135,57.050670603112074,0.9070432915480117,
80_20,full_weather_price,CNN_LSTM,0.06891671639933376,0.379899354691266,59.30101172857493,0.9053416894888857,
80_20,full_weather_price,TRANSFORMER_ATTENTION,0.0685459400691246,0.37997120371330007,56.49986367383549,0.9053058813197573,
80_20,full_weather_price,GNN_BILSTM,0.06370228429598604,0.3769181604706793,61.53974214730356,0.9068214896905782,
80_20,full_weather_price,AUTOENCODER_LSTM,0.18090137919863813,0.5534768408624667,133.24508858299177,0.7990812146854741,
10_fold,full_weather_price,GNN_LSTM_TRANSFORMER,0.0716849247350109,0.32668579539255765,56.01488164536514,0.9349378471531565,1.0
10_fold,full_weather_price,CNN_LSTM,0.07273859894739557,0.32996404238513766,54.44936372041806,0.9336255159967244,1.0
10_fold,full_weather_price,TRANSFORMER_ATTENTION,0.07305670693876146,0.32950717450329575,54.843852628546685,0.9338091928370843,1.0
10_fold,full_weather_price,GNN_BILSTM,0.0719061541975599,0.3260521712756571,55.99879973230726,0.9351899852672342,1.0
10_fold,full_weather_price,AUTOENCODER_LSTM,0.12908012286945938,0.45960245441145586,66.15938903168566,0.8712246895782383,1.0
10_fold,full_weather_price,GNN_LSTM_TRANSFORMER,0.07384499890757582,0.32015146864658267,37.197532319373735,0.9419772455037231,2.0
10_fold,full_weather_price,CNN_LSTM,0.0751637436287497,0.32396896035705974,37.56661015886506,0.9405852670227844,2.0
10_fold,full_weather_price,TRANSFORMER_ATTENTION,0.07718460910725565,0.32559076627516553,37.88345875594686,0.9399889114026457,2.0
10_fold,full_weather_price,GNN_BILSTM,0.07356637623844146,0.31967965023714046,37.09054610890625,0.9421481398070938,2.0
10_fold,full_weather_price,AUTOENCODER_LSTM,0.15700294794352584,0.5201073900493123,64.31487403814778,0.8468653767529151,2.0
10_fold,full_weather_price,GNN_LSTM_TRANSFORMER,0.05536264309914177,0.2838270382160078,169.47235540295253,0.9383199371345424,3.0
10_fold,full_weather_price,CNN_LSTM,0.05828632676726786,0.2865291268870129,159.93549041351872,0.9371399343992814,3.0
10_fold,full_weather_price,TRANSFORMER_ATTENTION,0.0575261154795322,0.28776170242216975,167.55982197243725,0.9365979550968113,3.0
10_fold,full_weather_price,GNN_BILSTM,0.055344741468471265,0.28472799071536625,161.6832392663444,0.9379277334432551,3.0
10_fold,full_weather_price,AUTOENCODER_LSTM,0.09766977424292494,0.3924885586952841,349.49237622988,0.8820518102779804,3.0
10_fold,full_weather_price,GNN_LSTM_TRANSFORMER,0.06792592851794063,0.3124742557972999,43.53949868839473,0.9356288954031926,4.0
10_fold,full_weather_price,CNN_LSTM,0.0689767845330657,0.3149923930076515,43.920868157822454,0.9345872197478804,4.0
10_fold,full_weather_price,TRANSFORMER_ATTENTION,0.0696482441487169,0.3155030414373392,43.789391655051226,0.9343749605964642,4.0
10_fold,full_weather_price,GNN_BILSTM,0.06721263235381557,0.31165948545014527,44.004598238137675,0.9359641504723557,4.0
10_fold,full_weather_price,AUTOENCODER_LSTM,0.13191513282670167,0.44990060940356175,92.26168445816499,0.8665570483397825,4.0
10_fold,full_weather_price,GNN_LSTM_TRANSFORMER,0.07418556626266594,0.33122870500753077,61.96034235497678,0.9377972045822263,5.0
10_fold,full_weather_price,CNN_LSTM,0.07752245334117204,0.3364563479103792,63.56982645922484,0.9358182695497959,5.0
10_fold,full_weather_price,TRANSFORMER_ATTENTION,0.07767072610663302,0.33748464536536943,63.38066916585072,0.9354253581732409,5.0
10_fold,full_weather_price,GNN_BILSTM,0.07477023676835078,0.3323454570144271,62.50576902169781,0.9373770586355439,5.0
10_fold,full_weather_price,AUTOENCODER_LSTM,0.1449767581370963,0.49064709967181597,103.42951470523569,0.8635126376130223,5.0
10_fold,full_weather_price,GNN_LSTM_TRANSFORMER,0.05594730104733231,0.2797447524081004,49.940026671112186,0.9342608205292582,6.0
10_fold,full_weather_price,CNN_LSTM,0.057774001951756485,0.28140564400482104,51.24640845035257,0.933477894118004,6.0
10_fold,full_weather_price,TRANSFORMER_ATTENTION,0.05789977416529181,0.2821622540296726,51.3510756984315,0.9331196997771708,6.0
10_fold,full_weather_price,GNN_BILSTM,0.05586996192906834,0.28015597222972943,49.932089197917946,0.9340674076224945,6.0
10_fold,full_weather_price,AUTOENCODER_LSTM,0.1121519854615639,0.4145281152926399,107.00029696216245,0.855652799458801,6.0
10_fold,full_weather_price,GNN_LSTM_TRANSFORMER,0.05955646533988389,0.29961247980022077,52.59157652473726,0.940988805956435,7.0
10_fold,full_weather_price,CNN_LSTM,0.06148960963906413,0.3048523325370704,52.365317775369235,0.938906690970478,7.0
10_fold,full_weather_price,TRANSFORMER_ATTENTION,0.06104014708195448,0.30405446370983846,52.1452039282395,0.9392260630329787,7.0
10_fold,full_weather_price,GNN_BILSTM,0.05982077671589072,0.2997639457570955,52.586603738314544,0.9409291258904939,7.0
10_fold,full_weather_price,AUTOENCODER_LSTM,0.10971097856019699,0.42429882381861567,73.8107573992261,0.8816527257456133,7.0
10_fold,full_weather_price,GNN_LSTM_TRANSFORMER,0.07697040157918937,0.3311706557343365,54.38932686704876,0.9404343676242786,8.0
10_fold,full_weather_price,CNN_LSTM,0.07845732179649458,0.33666068250790976,52.710362205053364,0.9384430831030477,8.0
10_fold,full_weather_price,TRANSFORMER_ATTENTION,0.07914359173442663,0.3374297924980452,52.42093900567881,0.9381615051134072,8.0
10_fold,full_weather_price,GNN_BILSTM,0.07702110448566668,0.3316364266683189,54.38684780526724,0.9402666990835579,8.0
10_fold,full_weather_price,AUTOENCODER_LSTM,0.13877275031129127,0.4786358311527485,72.25020272061458,0.875576482384238,8.0
10_fold,full_weather_price,GNN_LSTM_TRANSFORMER,0.055060074940327455,0.28756835259373287,52.185684068937924,0.940156045570125,9.0
10_fold,full_weather_price,CNN_LSTM,0.05510604059432389,0.29079255517025954,51.525041814380415,0.9388065876206756,9.0
10_fold,full_weather_price,TRANSFORMER_ATTENTION,0.054660413281381576,0.29017222762535494,51.4514236707318,0.9390673884556361,9.0
10_fold,full_weather_price,GNN_BILSTM,0.05523620027284036,0.28826291460655956,52.194827147261634,0.9398666150168911,9.0
10_fold,full_weather_price,AUTOENCODER_LSTM,0.08084101828309756,0.3692525285928552,66.46503456513352,0.9013300153585503,9.0
10_fold,full_weather_price,GNN_LSTM_TRANSFORMER,0.06568901165814606,0.3019549864995667,46.7390667940629,0.9377158204755028,10.0
10_fold,full_weather_price,CNN_LSTM,0.06494218367013027,0.30444829453913663,46.524202361302834,0.9366829857866742,10.0
10_fold,full_weather_price,TRANSFORMER_ATTENTION,0.06473403589429498,0.30412808254042345,46.54290949076108,0.9368161066200508,10.0
10_fold,full_weather_price,GNN_BILSTM,0.06559228273320471,0.30263855333131423,46.686465390999274,0.9374335029623264,10.0
10_fold,full_weather_price,AUTOENCODER_LSTM,0.16363839866871693,0.4880353064230166,94.54437740778042,0.8372969031141322,10.0
80_20,without_weather,GNN_LSTM_TRANSFORMER,0.06396925693347473,0.3768049809981429,56.13436325802667,0.9068774398273183,
80_20,without_weather,CNN_LSTM,0.06709196655425481,0.3797772946413392,59.937755090928746,0.9054025063438714,
80_20,without_weather,TRANSFORMER_ATTENTION,0.0664162431473434,0.3791926873265583,56.06355087879291,0.9056935180650828,
80_20,without_weather,GNN_BILSTM,0.06394127548477845,0.3771889063375934,61.88140672012141,0.9066875786196285,
80_20,without_weather,AUTOENCODER_LSTM,0.1291854170413321,0.5148245849239463,106.57060314250866,0.8261638107118146,
10_fold,without_weather,GNN_LSTM_TRANSFORMER,0.0720764799503232,0.3259983402832483,55.86829758399781,0.9352113836796369,1.0
10_fold,without_weather,CNN_LSTM,0.07291364622365304,0.32999867911694525,54.53493814105235,0.9336115804427236,1.0
10_fold,without_weather,TRANSFORMER_ATTENTION,0.07336601721930965,0.32975252726922144,54.72746697703508,0.9337105840958841,1.0
10_fold,without_weather,GNN_BILSTM,0.07241462022280767,0.32651158054348745,55.9099637190623,0.9350072212795594,1.0
10_fold,without_weather,AUTOENCODER_LSTM,0.1540126680985568,0.4980306762261495,97.27098014782418,0.8487901387673232,1.0
10_fold,without_weather,GNN_LSTM_TRANSFORMER,0.07286107961068508,0.31987801382435466,37.01601010459739,0.9420763225182204,2.0
10_fold,without_weather,CNN_LSTM,0.07354334711218795,0.32393165066189816,37.35287741026292,0.9405989511604743,2.0
10_fold,without_weather,TRANSFORMER_ATTENTION,0.07372783395537885,0.3247193860612663,37.65351520985993,0.9403096975263299,2.0
10_fold,without_weather,GNN_BILSTM,0.07323538487508299,0.31960987527204665,37.0470757775857,0.9421733911547885,2.0
10_fold,without_weather,AUTOENCODER_LSTM,0.15077425373408856,0.5018506792662358,57.602897119021826,0.8574272988057631,2.0
10_fold,without_weather,GNN_LSTM_TRANSFORMER,0.054808539798859815,0.283545159500681,164.43815130536868,0.9384423896219196,3.0
10_fold,without_weather,CNN_LSTM,0.05537719110564602,0.2851900751884196,157.70808300159155,0.9377260960488971,3.0
10_fold,without_weather,TRANSFORMER_ATTENTION,0.05570503565042304,0.28519371991478065,161.48858881903763,0.9377245043189638,3.0
10_fold,without_weather,GNN_BILSTM,0.054841272388337796,0.28347932038864193,168.54016069491342,0.9384709736250654,3.0
10_fold,without_weather,AUTOENCODER_LSTM,0.10199515657151148,0.4230971192667638,502.7674755588019,0.8629378898190241,3.0
10_fold,without_weather,GNN_LSTM_TRANSFORMER,0.06726954749484666,0.31260051691384266,43.344953904921525,0.9355768641754217,4.0
10_fold,without_weather,CNN_LSTM,0.06792100136775941,0.31457101781877983,43.69470036498328,0.9347621121394737,4.0
10_fold,without_weather,TRANSFORMER_ATTENTION,0.06801567235332705,0.31552003592011413,43.62187233105118,0.9343678906574021,4.0
10_fold,without_weather,GNN_BILSTM,0.06741600352172346,0.312147291087098,44.44327803649619,0.9357635373304478,4.0
10_fold,without_weather,AUTOENCODER_LSTM,0.1375679244422099,0.47458214213471306,82.30259381029427,0.8515140843598694,4.0
10_fold,without_weather,GNN_LSTM_TRANSFORMER,0.073946948887882,0.3315113003524653,62.5883994850127,0.9376910198295675,5.0
10_fold,without_weather,CNN_LSTM,0.07627671621587655,0.3349230010558609,63.25534152974516,0.9364019328069466,5.0
10_fold,without_weather,TRANSFORMER_ATTENTION,0.07622547584767914,0.3349985386872454,63.594375403074984,0.9363732420984124,5.0
10_fold,without_weather,GNN_BILSTM,0.07377551926238904,0.33155274327746465,62.29772883185758,0.937675440102442,5.0
10_fold,without_weather,AUTOENCODER_LSTM,0.15123068663366218,0.5071805327497333,120.16915540460941,0.8541591723539013,5.0
10_fold,without_weather,GNN_LSTM_TRANSFORMER,0.05519351102767172,0.2796652966974398,49.840541669648815,0.9342981589342535,6.0
10_fold,without_weather,CNN_LSTM,0.058295922807176256,0.2811352271247786,51.232310840205876,0.933605681584849,6.0
10_fold,without_weather,TRANSFORMER_ATTENTION,0.057703321744028015,0.28095328365355604,51.504543214842094,0.9336915911590351,6.0
10_fold,without_weather,GNN_BILSTM,0.05529580688341568,0.28005703228082135,50.317184852133,0.9341139689388379,6.0
10_fold,without_weather,AUTOENCODER_LSTM,0.11157920817485666,0.42979496756652225,72.33948588688628,0.8448245426346721,6.0
10_fold,without_weather,GNN_LSTM_TRANSFORMER,0.05965718171226817,0.29990303356465564,52.50981570429188,0.940874296451722,7.0
10_fold,without_weather,CNN_LSTM,0.06111978973484857,0.30388192919200213,52.48543602100101,0.9392950153303848,7.0
10_fold,without_weather,TRANSFORMER_ATTENTION,0.060547706635130684,0.30324677535652034,52.059096393589364,0.9395485131892621,7.0
10_fold,without_weather,GNN_BILSTM,0.05997952051053609,0.2998074611625271,52.45662581186553,0.9409119745309258,7.0
10_fold,without_weather,AUTOENCODER_LSTM,0.11804256759770314,0.4477984495037914,69.39041390889042,0.8681804650725807,7.0
10_fold,without_weather,GNN_LSTM_TRANSFORMER,0.07749776663408924,0.3320109920062642,54.72364187791291,0.9401316918445042,8.0
10_fold,without_weather,CNN_LSTM,0.07958274790400038,0.33621273884360187,52.833842455029355,0.93860678316097,8.0
10_fold,without_weather,TRANSFORMER_ATTENTION,0.08006866912773229,0.3366310679410749,52.81621943978438,0.9384539124118708,8.0
10_fold,without_weather,GNN_BILSTM,0.07745980085967841,0.33199082514044376,54.34054409182647,0.9401389646125643,8.0
10_fold,without_weather,AUTOENCODER_LSTM,0.15367486804390418,0.5080347329728646,79.50716194000482,0.8598223191666184,8.0
10_fold,without_weather,GNN_LSTM_TRANSFORMER,0.05553632336543712,0.2881621532441094,52.323976170156214,0.9399086465271516,9.0
10_fold,without_weather,CNN_LSTM,0.05517457073375278,0.2899722960881934,51.52500551156791,0.93915132587383,9.0
10_fold,without_weather,TRANSFORMER_ATTENTION,0.054940088067685765,0.2896464633232824,51.352780471125435,0.9392879965337233,9.0
10_fold,without_weather,GNN_BILSTM,0.055416920274294595,0.2878451787258528,52.23469980945982,0.9400407731901854,9.0
10_fold,without_weather,AUTOENCODER_LSTM,0.10927345438723492,0.4399347303413777,73.95752324780676,0.8599398453835136,9.0
10_fold,without_weather,GNN_LSTM_TRANSFORMER,0.06616579204300932,0.30244219440705145,46.53592275826676,0.9375146658172392,10.0
10_fold,without_weather,CNN_LSTM,0.0652738626323458,0.3049641507503897,46.750892715678646,0.9364682357142142,10.0
10_fold,without_weather,TRANSFORMER_ATTENTION,0.06547031361541475,0.30448592175396405,46.53205649344368,0.9366673339327233,10.0
10_fold,without_weather,GNN_BILSTM,0.06551774017210601,0.3024728526629262,46.663104604401774,0.9375019970263426,10.0
10_fold,without_weather,AUTOENCODER_LSTM,0.16771672455721695,0.4767610094438781,73.28411431246849,0.8447274100312933,10.0
80_20,without_electricity_price,GNN_LSTM_TRANSFORMER,0.06388537571348891,0.377013884733152,57.13713544056309,0.9067741554003825,
80_20,without_electricity_price,CNN_LSTM,0.06886969763832357,0.3797097081829526,59.17137508136084,0.905436173130977,
80_20,without_electricity_price,TRANSFORMER_ATTENTION,0.06866777012793016,0.37983315736216866,59.54759932064535,0.9053746749694879,
80_20,without_electricity_price,GNN_BILSTM,0.06393772221345286,0.37695838064378795,61.72650760407947,0.9068016028495602,
80_20,without_electricity_price,AUTOENCODER_LSTM,0.12473997381608898,0.5089049074169067,93.82817046949093,0.830138515699966,
10_fold,without_electricity_price,GNN_LSTM_TRANSFORMER,0.07149512579372791,0.32645077752185914,56.82475226086372,0.9350314249502243,1.0
10_fold,without_electricity_price,CNN_LSTM,0.07297034812138815,0.3300548009774023,54.60425035629511,0.9335889975739101,1.0
10_fold,without_electricity_price,TRANSFORMER_ATTENTION,0.07349683844052955,0.3297918570783775,54.93576891496211,0.9336947703850601,1.0
10_fold,without_electricity_price,GNN_BILSTM,0.07153424006474214,0.326308789187568,56.02832492251413,0.9350879282533185,1.0
10_fold,without_electricity_price,AUTOENCODER_LSTM,0.1403804132601611,0.4910218652343392,85.3628540842609,0.853016159647954,1.0
10_fold,without_electricity_price,GNN_LSTM_TRANSFORMER,0.07325614538240093,0.3196270838075377,37.1972459327218,0.9421671639502045,2.0
10_fold,without_electricity_price,CNN_LSTM,0.07542019200500065,0.3244810049602871,37.737750047911355,0.9403973043509428,2.0
10_fold,without_electricity_price,TRANSFORMER_ATTENTION,0.0754632324716856,0.3246887121197469,37.62276185508608,0.9403209740342818,2.0
10_fold,without_electricity_price,GNN_BILSTM,0.073815182181551,0.319916985080694,37.02005412805326,0.9420622077876386,2.0
10_fold,without_electricity_price,AUTOENCODER_LSTM,0.15483297360119974,0.49847341268943085,63.36858710692105,0.8593397634531521,2.0
10_fold,without_electricity_price,GNN_LSTM_TRANSFORMER,0.055456387908575364,0.28386645240942865,167.49508544810004,0.938302805301431,3.0
10_fold,without_electricity_price,CNN_LSTM,0.057691479726694916,0.2871946770306442,157.84272797852378,0.9368475723968126,3.0
10_fold,without_electricity_price,TRANSFORMER_ATTENTION,0.0566307885880823,0.28758941826716333,166.77907690203904,0.93667385051838,3.0
10_fold,without_electricity_price,GNN_BILSTM,0.05535597140541893,0.2855333694174547,167.64176212313467,0.9375760828427604,3.0
10_fold,without_electricity_price,AUTOENCODER_LSTM,0.1063549785242363,0.4237417295069724,315.24231013632317,0.8625199293088885,3.0
10_fold,without_electricity_price,GNN_LSTM_TRANSFORMER,0.06709567144940674,0.31200250189290296,43.921526718027756,0.9358231155415219,4.0
10_fold,without_electricity_price,CNN_LSTM,0.06917404080778686,0.31508346011470384,43.86659403757128,0.9345493914453682,4.0
10_fold,without_electricity_price,TRANSFORMER_ATTENTION,0.06927810018375088,0.31555821932855993,43.54992678565086,0.934352004444223,4.0
10_fold,without_electricity_price,GNN_BILSTM,0.06678674299143599,0.31162110160934164,43.966397955540614,0.9359799227533818,4.0
10_fold,without_electricity_price,AUTOENCODER_LSTM,0.1440619020060685,0.4822133691135782,86.97899500129778,0.846700418093533,4.0
10_fold,without_electricity_price,GNN_LSTM_TRANSFORMER,0.07405921557691182,0.33127430037655586,62.801949406092774,0.9377800783212792,5.0
10_fold,without_electricity_price,CNN_LSTM,0.07700542410012222,0.3366294488014782,63.16319171650105,0.935752211811665,5.0
10_fold,without_electricity_price,TRANSFORMER_ATTENTION,0.07695561703010223,0.33635689258503304,63.4781815975862,0.9358562077340197,5.0
10_fold,without_electricity_price,GNN_BILSTM,0.07462645042828224,0.3325658448343878,62.58966986169832,0.9372939769549262,5.0
10_fold,without_electricity_price,AUTOENCODER_LSTM,0.15607555467434137,0.513653670222191,153.2134549997486,0.8504126872325972,5.0
10_fold,without_electricity_price,GNN_LSTM_TRANSFORMER,0.05542769179243451,0.2792158905945896,49.39580698846771,0.9345091474605205,6.0
10_fold,without_electricity_price,CNN_LSTM,0.05754996148432371,0.2811860716245456,50.8470116270477,0.9335816640243012,6.0
10_fold,without_electricity_price,TRANSFORMER_ATTENTION,0.05765355251401304,0.28091954546350517,51.31196967387217,0.933707515453267,6.0
10_fold,without_electricity_price,GNN_BILSTM,0.05533262388787487,0.279849449478981,49.24865579289236,0.934211604324625,6.0
10_fold,without_electricity_price,AUTOENCODER_LSTM,0.11096904111282985,0.42902375936511405,85.67603236411671,0.8453809252187808,6.0
10_fold,without_electricity_price,GNN_LSTM_TRANSFORMER,0.05990731924599602,0.29977066366253635,52.32986055262606,0.940926478227232,7.0
10_fold,without_electricity_price,CNN_LSTM,0.060994340038221684,0.30410610182772235,52.40377184922305,0.9392054185854639,7.0
10_fold,without_electricity_price,TRANSFORMER_ATTENTION,0.06104285654366533,0.30419550469646095,52.41959817701836,0.939169667846582,7.0
10_fold,without_electricity_price,GNN_BILSTM,0.060086644004890596,0.29957047733257375,52.61601175813444,0.9410053502741653,7.0
10_fold,without_electricity_price,AUTOENCODER_LSTM,0.11985427254744854,0.452091297208685,71.17574756870326,0.865640958219815,7.0
10_fold,without_electricity_price,GNN_LSTM_TRANSFORMER,0.07747829703694038,0.332268157541219,54.19414127940237,0.9400389116141828,8.0
10_fold,without_electricity_price,CNN_LSTM,0.07872003912966154,0.337210015003613,52.85019950107247,0.9382420331744288,8.0
10_fold,without_electricity_price,TRANSFORMER_ATTENTION,0.07883825048446425,0.33723443683919274,52.48888403478211,0.9382330874286896,8.0
10_fold,without_electricity_price,GNN_BILSTM,0.07672608993907004,0.3313978366348053,54.251234674105206,0.9403526163262268,8.0
10_fold,without_electricity_price,AUTOENCODER_LSTM,0.15610570007456698,0.5194510001755341,77.03301529101549,0.8534515482874402,8.0
10_fold,without_electricity_price,GNN_LSTM_TRANSFORMER,0.05591955206986034,0.2886608861455957,52.26861548426046,0.9397004618684396,9.0
10_fold,without_electricity_price,CNN_LSTM,0.05512904307802353,0.29095582785579815,51.41896177685121,0.9387378512138747,9.0
10_fold,without_electricity_price,TRANSFORMER_ATTENTION,0.05482567674981378,0.28986965894163585,51.42814430992249,0.9391943936364038,9.0
10_fold,without_electricity_price,GNN_BILSTM,0.05593434398639699,0.28886463497131776,52.213032174717725,0.9396153079965722,9.0
10_fold,without_electricity_price,AUTOENCODER_LSTM,0.10963395404012638,0.4453955234560105,78.36141199181881,0.8564412063810414,9.0
10_fold,without_electricity_price,GNN_LSTM_TRANSFORMER,0.06565774896393102,0.3022482521560614,46.816495958697004,0.9375947780572406,10.0
10_fold,without_electricity_price,CNN_LSTM,0.06538031319676885,0.3052849465575224,46.77902856448367,0.9363345056155894,10.0
10_fold,without_electricity_price,TRANSFORMER_ATTENTION,0.0664084357795059,0.30492116347988585,46.622496172899524,0.936486145128468,10.0
10_fold,without_electricity_price,GNN_BILSTM,0.06544506534386826,0.3018286372120913,46.70787903769557,0.9377679336420067,10.0
10_fold,without_electricity_price,AUTOENCODER_LSTM,0.15145260070731856,0.4975073108558127,79.80689946765759,0.8309199879772414,10.0
