fold,train_rows,train_columns,validation_rows,validation_columns,train_timestamps,validation_timestamps,train_start,train_end,validation_start,validation_end
1,464352,29,51632,29,4146,461,2019-04-06 19:15:00-07:00,2019-05-19 23:30:00-07:00,2019-04-02 00:00:00-07:00,2019-04-06 19:00:00-07:00
2,464352,29,51632,29,4146,461,2019-04-02 00:00:00-07:00,2019-05-19 23:30:00-07:00,2019-04-06 19:15:00-07:00,2019-04-11 14:15:00-07:00
3,464352,29,51632,29,4146,461,2019-04-02 00:00:00-07:00,2019-05-19 23:30:00-07:00,2019-04-11 14:30:00-07:00,2019-04-16 09:30:00-07:00
4,464352,29,51632,29,4146,461,2019-04-02 00:00:00-07:00,2019-05-19 23:30:00-07:00,2019-04-16 09:45:00-07:00,2019-04-21 04:45:00-07:00
5,464352,29,51632,29,4146,461,2019-04-02 00:00:00-07:00,2019-05-19 23:30:00-07:00,2019-04-21 05:00:00-07:00,2019-04-26 00:00:00-07:00
6,464352,29,51632,29,4146,461,2019-04-02 00:00:00-07:00,2019-05-19 23:30:00-07:00,2019-04-26 00:15:00-07:00,2019-04-30 19:15:00-07:00
7,464352,29,51632,29,4146,461,2019-04-02 00:00:00-07:00,2019-05-19 23:30:00-07:00,2019-04-30 19:30:00-07:00,2019-05-05 14:30:00-07:00
8,464464,29,51520,29,4147,460,2019-04-02 00:00:00-07:00,2019-05-19 23:30:00-07:00,2019-05-05 14:45:00-07:00,2019-05-10 09:30:00-07:00
9,464464,29,51520,29,4147,460,2019-04-02 00:00:00-07:00,2019-05-19 23:30:00-07:00,2019-05-10 09:45:00-07:00,2019-05-15 04:30:00-07:00
10,464464,29,51520,29,4147,460,2019-04-02 00:00:00-07:00,2019-05-15 04:30:00-07:00,2019-05-15 04:45:00-07:00,2019-05-19 23:30:00-07:00
