fold,original_train_rows,original_train_columns,smoter_train_rows,smoter_model_columns,validation_rows,validation_columns,original_normal_rows,original_rare_rows,smoter_zero_rows,smoter_positive_rows,smoter_rare_rows,rare_threshold_kw,validation_start,validation_end
1,464352,29,464352,26,51632,29,461551,2801,205050,259302,232202,6.267008943358729,2019-04-02 00:00:00-07:00,2019-04-06 19:00:00-07:00
2,464352,29,464352,26,51632,29,461598,2754,205072,259280,232204,6.267008943358729,2019-04-06 19:15:00-07:00,2019-04-11 14:15:00-07:00
3,464352,29,464352,26,51632,29,461432,2920,204019,260333,232192,6.25306619230409,2019-04-11 14:30:00-07:00,2019-04-16 09:30:00-07:00
4,464352,29,464352,26,51632,29,461525,2827,204797,259555,232194,6.267215297107588,2019-04-16 09:45:00-07:00,2019-04-21 04:45:00-07:00
5,464352,29,464352,26,51632,29,461554,2798,205158,259194,232184,6.268073689858702,2019-04-21 05:00:00-07:00,2019-04-26 00:00:00-07:00
6,464352,29,464352,26,51632,29,461488,2864,204021,260331,232205,6.267008943358729,2019-04-26 00:15:00-07:00,2019-04-30 19:15:00-07:00
7,464352,29,464352,26,51632,29,461507,2845,204454,259898,232204,6.255842857763678,2019-04-30 19:30:00-07:00,2019-05-05 14:30:00-07:00
8,464464,29,464464,26,51520,29,461675,2789,205308,259156,232245,6.256948793294474,2019-05-05 14:45:00-07:00,2019-05-10 09:30:00-07:00
9,464464,29,464464,26,51520,29,461533,2931,204254,260210,232233,6.233296679129096,2019-05-10 09:45:00-07:00,2019-05-15 04:30:00-07:00
10,464464,29,464464,26,51520,29,461611,2853,204856,259608,232237,6.24676645836361,2019-05-15 04:45:00-07:00,2019-05-19 23:30:00-07:00
