userID,session_count,total_energy_kwh,mean_energy_kwh,mean_duration_hours,median_duration_hours,peak_hour_share,weekend_share,mean_start_hour,sites_used,cluster_id,behavior_label
67.0,4,172.322,43.0805,6.541666666666667,6.6097222222222225,0.0,0.25,12.25,1,0,long_duration
68.0,1,13.194,13.194,2.246111111111111,2.246111111111111,1.0,0.0,9.0,1,1,occasional
69.0,24,273.07,11.377916666666666,1.9424189814814816,1.8399999999999999,0.7916666666666666,0.0,9.75,1,2,frequent
76.0,14,83.41199999999999,5.957999999999999,1.460436507936508,1.5027777777777778,0.2857142857142857,0.14285714285714285,13.642857142857142,1,1,occasional
169.0,33,277.081,8.39639393939394,3.58233164983165,3.5694444444444446,0.030303030303030304,0.0,6.03030303030303,1,2,frequent
171.0,14,127.5,9.107142857142858,1.9221428571428572,1.8206944444444444,0.2857142857142857,0.0,14.642857142857142,2,3,peak_hour
172.0,6,27.594,4.599,1.7898148148148147,1.9501388888888889,0.6666666666666666,0.16666666666666666,12.833333333333334,1,1,occasional
176.0,8,124.761,15.595125,5.784965277777777,5.604444444444445,0.25,0.0,6.125,1,0,long_duration
183.0,9,78.445,8.716111111111111,1.813240740740741,1.5008333333333332,0.6666666666666666,0.0,10.88888888888889,1,1,occasional
194.0,16,293.523,18.3451875,5.645642361111111,4.396944444444445,0.25,0.125,7.3125,1,0,long_duration
220.0,31,218.86183472222223,7.060059184587813,2.625062724014337,2.5075,0.16129032258064516,0.0,13.806451612903226,1,2,frequent
234.0,3,60.723,20.241,3.4757407407407404,2.748611111111111,1.0,0.0,9.666666666666666,1,1,occasional
243.0,5,13.99,2.798,0.41100000000000003,0.3502777777777778,0.8,1.0,17.2,1,1,occasional
248.0,13,223.47899999999998,17.190692307692306,2.946602564102564,2.315,0.38461538461538464,0.6153846153846154,11.846153846153847,1,1,occasional
273.0,3,59.922,19.974,3.022685185185185,2.136388888888889,0.3333333333333333,0.0,11.333333333333334,1,1,occasional
291.0,6,162.982,27.163666666666668,4.166805555555555,4.542083333333333,1.0,0.8333333333333334,13.166666666666666,1,1,occasional
292.0,8,285.419,35.677375,5.4418750000000005,5.4447222222222225,0.5,0.875,16.5,1,0,long_duration
300.0,7,144.089,20.584142857142858,5.054246031746032,3.752222222222222,0.2857142857142857,0.5714285714285714,20.714285714285715,1,1,occasional
301.0,2,25.137999999999998,12.568999999999999,2.9677777777777776,2.9677777777777776,0.0,0.0,22.5,1,1,occasional
311.0,2,8.301,4.1505,0.6583333333333333,0.6583333333333333,0.0,0.0,13.0,1,1,occasional
313.0,8,181.351,22.668875,3.9838194444444444,3.7043055555555555,0.5,0.0,12.25,1,1,occasional
318.0,4,34.831,8.70775,3.073263888888889,3.372361111111111,0.25,0.0,12.0,1,1,occasional
322.0,32,401.653,12.55165625,4.970164930555556,5.165,0.03125,0.0,6.4375,1,2,frequent
324.0,36,66.385,1.8440277777777778,0.9587962962962963,0.981111111111111,0.8611111111111112,0.05555555555555555,9.333333333333334,1,2,frequent
334.0,37,463.57,12.528918918918919,4.921096096096096,5.170555555555556,0.0,0.0,6.1891891891891895,1,2,frequent
335.0,10,123.83800000000001,12.3838,4.6200833333333335,5.242638888888889,0.9,0.0,8.7,1,1,occasional
336.0,16,179.011,11.1881875,2.3119965277777776,2.3922222222222222,0.3125,0.0,12.75,2,3,peak_hour
341.0,2,18.810000000000002,9.405000000000001,3.396111111111111,3.396111111111111,0.5,0.0,10.0,1,1,occasional
342.0,7,216.865,30.98071428571429,5.402738095238095,5.273888888888889,0.42857142857142855,0.0,13.285714285714286,2,3,peak_hour
344.0,38,200.83,5.285,2.4189839181286548,2.307777777777778,0.0,0.0,5.894736842105263,1,2,frequent
345.0,10,81.065,8.1065,2.866916666666667,2.436527777777778,0.4,0.0,11.2,1,1,occasional
346.0,38,400.605,10.542236842105263,3.8466081871345033,3.9473611111111113,0.631578947368421,0.02631578947368421,9.473684210526315,1,2,frequent
347.0,11,38.159,3.469,1.5500757575757576,1.2744444444444445,0.5454545454545454,0.0,12.727272727272727,2,3,peak_hour
351.0,8,242.811,30.351375,7.7647916666666665,7.996666666666666,0.5,0.0,6.5,1,0,long_duration
355.0,9,143.594,15.954888888888888,3.33537037037037,3.3513888888888888,0.4444444444444444,0.0,10.222222222222221,1,1,occasional
356.0,2,32.021,16.0105,4.965138888888889,4.965138888888889,0.0,0.0,6.0,1,0,long_duration
357.0,4,44.125,11.03125,3.3240972222222225,3.5677777777777777,0.75,0.0,9.25,1,1,occasional
361.0,20,673.95,33.697500000000005,5.687611111111111,5.821111111111112,0.6,0.0,6.95,1,0,long_duration
362.0,30,336.245,11.208166666666667,2.2612222222222225,1.5891666666666668,0.6666666666666666,0.06666666666666667,14.833333333333334,2,3,peak_hour
363.0,20,143.836,7.191800000000001,2.5861666666666667,2.5834722222222224,0.5,0.0,10.4,1,2,frequent
364.0,19,257.479,13.551526315789474,2.5754093567251464,2.2777777777777777,0.47368421052631576,0.15789473684210525,12.789473684210526,2,3,peak_hour
365.0,31,130.691,4.21583870967742,2.0246594982078854,2.035555555555556,0.7096774193548387,0.06451612903225806,8.612903225806452,2,3,peak_hour
368.0,35,266.98,7.628,3.1862539682539683,3.078333333333333,0.3142857142857143,0.0,6.314285714285714,1,2,frequent
372.0,3,36.81,12.270000000000001,3.501296296296296,3.3408333333333333,0.3333333333333333,0.0,10.333333333333334,1,1,occasional
373.0,11,171.53,15.593636363636364,6.248484848484849,6.197777777777778,0.9090909090909091,0.0,6.909090909090909,1,0,long_duration
374.0,34,253.818,7.465235294117647,3.3471078431372554,3.6083333333333334,0.8823529411764706,0.0,8.029411764705882,1,2,frequent
376.0,10,59.653999999999996,5.9654,2.145,2.0536111111111106,0.4,0.0,13.8,1,1,occasional
378.0,24,782.636,32.609833333333334,8.241550925925926,9.409166666666668,0.20833333333333334,0.0,7.041666666666667,1,0,long_duration
379.0,9,46.475,5.163888888888889,1.674969135802469,1.4736111111111112,0.7777777777777778,0.0,15.88888888888889,1,1,occasional
381.0,1,14.553,14.553,3.8725,3.8725,1.0,0.0,7.0,1,1,occasional
382.0,21,231.643,11.030619047619048,4.184867724867725,3.91,0.6190476190476191,0.19047619047619047,12.476190476190476,1,2,frequent
383.0,7,55.441,7.920142857142857,2.848095238095238,3.205,0.5714285714285714,0.0,14.0,1,1,occasional
385.0,4,36.691,9.17275,3.7197916666666666,3.8843055555555557,0.0,0.0,6.0,1,1,occasional
386.0,11,62.147999999999996,5.649818181818182,2.9821212121212124,2.335833333333333,0.7272727272727273,0.0,11.545454545454545,1,1,occasional
387.0,15,576.189,38.4126,6.835944444444445,7.21,0.4,0.0,6.4,1,0,long_duration
390.0,10,43.438,4.3438,2.475416666666667,2.3418055555555553,1.0,0.0,7.2,1,1,occasional
393.0,8,147.467,18.433375,3.6013194444444445,3.256111111111111,0.125,0.0,11.375,1,1,occasional
394.0,24,733.062,30.54425,5.396770833333334,5.142638888888889,0.20833333333333334,0.0,13.875,1,0,long_duration
396.0,3,152.898,50.966,9.67175925925926,9.866111111111111,1.0,0.0,7.0,1,0,long_duration
398.0,2,42.027,21.0135,3.8318055555555555,3.8318055555555555,0.5,0.5,9.0,1,1,occasional
400.0,2,16.166,8.083,3.308472222222222,3.308472222222222,0.0,0.0,12.5,1,1,occasional
401.0,7,216.606,30.943714285714286,6.539563492063492,5.761666666666667,0.0,0.0,5.571428571428571,1,0,long_duration
404.0,20,345.423,17.27115,4.960541666666667,5.535416666666666,0.15,0.0,6.65,1,0,long_duration
405.0,37,208.43,5.6332432432432435,2.348701201201201,1.8588888888888888,0.5405405405405406,0.02702702702702703,18.08108108108108,1,2,frequent
406.0,41,430.185,10.492317073170732,4.769430894308943,4.816388888888889,0.024390243902439025,0.07317073170731707,5.097560975609756,1,2,frequent
407.0,4,40.498000000000005,10.124500000000001,3.504861111111111,3.491388888888889,1.0,0.0,7.0,1,1,occasional
409.0,36,238.018,6.611611111111111,4.168634259259259,3.2620833333333334,0.5,0.0,7.333333333333333,1,2,frequent
410.0,38,366.05899999999997,9.633131578947367,5.373413742690059,3.901944444444444,0.9210526315789473,0.0,7.526315789473684,1,2,frequent
413.0,22,204.404,9.29109090909091,2.273282828282828,2.0670833333333336,0.45454545454545453,0.13636363636363635,11.636363636363637,1,2,frequent
414.0,31,370.767,11.960225806451612,4.739489247311829,4.7525,0.5483870967741935,0.0,6.548387096774194,1,2,frequent
416.0,21,348.381,16.58957142857143,3.9656878306878305,3.7263888888888888,0.19047619047619047,0.0,6.523809523809524,1,2,frequent
418.0,1,11.386,11.386,3.5905555555555555,3.5905555555555555,1.0,0.0,7.0,1,1,occasional
419.0,37,636.429,17.200783783783784,4.211816816816817,3.971944444444445,0.02702702702702703,0.02702702702702703,6.378378378378378,1,2,frequent
420.0,36,362.763,10.076749999999999,2.3238811728395063,2.4923611111111112,0.2222222222222222,0.027777777777777776,13.472222222222221,2,3,peak_hour
423.0,5,186.724,37.3448,6.668777777777779,6.346666666666667,1.0,0.0,7.2,1,0,long_duration
425.0,28,132.284,4.724428571428571,2.3262599206349206,2.2525000000000004,0.39285714285714285,0.0,6.75,1,2,frequent
428.0,21,232.505,11.071666666666667,4.117023809523809,4.541111111111111,0.7619047619047619,0.0,8.476190476190476,1,2,frequent
431.0,16,205.268,12.82925,2.2496180555555556,2.3008333333333333,0.875,0.0625,8.8125,2,3,peak_hour
433.0,4,29.536,7.384,2.207708333333333,1.672361111111111,0.75,0.5,12.0,2,3,peak_hour
436.0,22,716.829,32.58313636363636,5.850618686868686,5.9631944444444445,0.9090909090909091,0.0,7.909090909090909,1,0,long_duration
438.0,21,352.924,16.80590476190476,3.213068783068783,2.8922222222222222,0.5238095238095238,0.09523809523809523,12.80952380952381,1,2,frequent
439.0,9,304.211,33.80122222222222,6.650092592592593,7.066388888888889,0.0,0.0,5.111111111111111,1,0,long_duration
440.0,8,22.117,2.764625,1.4303819444444443,1.5127777777777776,1.0,0.0,7.375,2,3,peak_hour
443.0,15,137.155,9.143666666666666,4.691222222222223,4.9325,1.0,0.0,7.0,1,2,frequent
444.0,3,8.272,2.7573333333333334,1.6262962962962961,1.5825,0.6666666666666666,0.0,6.666666666666667,1,1,occasional
448.0,3,31.878,10.626,3.6437037037037037,3.410277777777778,0.3333333333333333,0.0,13.333333333333334,1,1,occasional
449.0,7,93.9,13.414285714285715,2.3918650793650795,2.763611111111111,0.2857142857142857,0.0,18.0,1,1,occasional
456.0,1,12.395,12.395,2.6283333333333334,2.6283333333333334,1.0,0.0,8.0,1,1,occasional
458.0,28,653.7090000000001,23.346750000000004,4.43125,4.22875,0.21428571428571427,0.0,12.142857142857142,1,2,frequent
462.0,51,294.14,5.767450980392157,2.712799564270153,2.4319444444444445,0.43137254901960786,0.09803921568627451,9.196078431372548,1,2,frequent
463.0,22,147.894,6.7224545454545455,3.072739898989899,2.8720833333333333,0.22727272727272727,0.0,6.2272727272727275,1,2,frequent
466.0,2,7.273,3.6365,1.3230555555555554,1.3230555555555554,0.0,0.0,14.0,1,1,occasional
467.0,4,39.245999999999995,9.811499999999999,4.269166666666667,4.564444444444444,0.25,0.0,5.5,1,1,occasional
468.0,1,8.027,8.027,6.477222222222222,6.477222222222222,1.0,0.0,9.0,1,0,long_duration
470.0,13,70.553,5.427153846153846,1.9248931623931622,1.8777777777777775,0.07692307692307693,0.0,6.230769230769231,1,1,occasional
474.0,28,813.807,29.064535714285714,5.455089285714286,5.387638888888889,0.75,0.0,8.714285714285714,1,0,long_duration
476.0,13,121.143,9.318692307692308,3.735576923076923,4.033611111111111,0.8461538461538461,0.0,6.846153846153846,1,2,frequent
479.0,1,6.903,6.903,1.8688888888888888,1.8688888888888888,0.0,0.0,15.0,1,1,occasional
480.0,5,46.515,9.303,3.509777777777778,3.1283333333333334,1.0,0.0,7.0,1,1,occasional
481.0,23,603.35,26.232608695652175,4.473707729468599,4.25,0.9130434782608695,0.0,7.217391304347826,1,2,frequent
483.0,39,227.819,5.84151282051282,2.4713247863247867,2.3986111111111112,0.02564102564102564,0.0,5.333333333333333,1,2,frequent
484.0,7,186.048,26.578285714285716,4.826468253968254,3.8538888888888887,0.7142857142857143,0.0,10.428571428571429,1,0,long_duration
486.0,13,150.348,11.56523076923077,2.7375854700854703,2.137777777777778,0.23076923076923078,0.0,7.384615384615385,1,1,occasional
489.0,6,279.57800000000003,46.59633333333334,7.0012037037037045,7.5744444444444445,0.3333333333333333,0.3333333333333333,16.5,1,0,long_duration
500.0,9,371.904,41.32266666666666,7.882006172839506,7.539444444444444,0.7777777777777778,0.1111111111111111,7.555555555555555,1,0,long_duration
507.0,21,562.592,26.790095238095237,5.469973544973545,4.714722222222222,0.2857142857142857,0.14285714285714285,6.666666666666667,1,0,long_duration
511.0,2,41.382000000000005,20.691000000000003,3.6151388888888887,3.6151388888888887,1.0,0.0,7.0,1,1,occasional
515.0,14,102.992,7.356571428571429,3.2086111111111113,2.765833333333333,0.5714285714285714,0.0,11.071428571428571,1,1,occasional
516.0,1,3.632,3.632,0.5394444444444444,0.5394444444444444,0.0,0.0,23.0,1,1,occasional
521.0,21,121.684,5.794476190476191,2.340925925925926,2.248055555555556,0.14285714285714285,0.0,6.285714285714286,1,2,frequent
525.0,2,10.709,5.3545,1.7715277777777776,1.7715277777777776,0.0,0.0,14.5,1,1,occasional
526.0,19,180.805,9.516052631578948,2.8578216374269005,2.701388888888889,0.8947368421052632,0.0,8.789473684210526,1,2,frequent
528.0,13,343.53999999999996,26.426153846153845,6.380769230769231,7.416666666666667,0.7692307692307693,0.0,7.153846153846154,1,0,long_duration
529.0,22,618.673,28.1215,7.094835858585858,7.545833333333333,0.4090909090909091,0.0,6.409090909090909,1,0,long_duration
530.0,5,126.11500000000001,25.223000000000003,6.942222222222222,6.867222222222222,0.0,0.0,5.0,1,0,long_duration
531.0,16,421.23,26.326875,4.900833333333333,5.052638888888889,0.875,0.0,7.6875,1,0,long_duration
533.0,1,19.903,19.903,3.2475,3.2475,0.0,0.0,11.0,1,1,occasional
537.0,8,231.69299999999998,28.961624999999998,7.135763888888889,7.350694444444445,1.0,0.0,7.0,1,0,long_duration
540.0,1,6.199,6.199,2.163611111111111,2.163611111111111,0.0,0.0,12.0,1,1,occasional
551.0,25,236.475,9.459,3.772755555555556,3.551944444444445,0.32,0.0,7.64,1,2,frequent
554.0,19,142.837,7.517736842105262,3.097426900584795,2.8383333333333334,0.5789473684210527,0.0,10.052631578947368,1,2,frequent
558.0,34,386.543,11.368911764705883,2.416315359477124,1.9241666666666668,0.9705882352941176,0.0,10.235294117647058,1,2,frequent
559.0,32,318.172,9.942875,3.2250434027777777,3.203333333333333,0.96875,0.0,8.21875,1,2,frequent
560.0,72,827.439,11.492208333333332,2.535250771604938,3.4729166666666664,0.027777777777777776,0.0,9.01388888888889,1,2,frequent
562.0,40,156.576,3.9143999999999997,1.2665833333333334,1.4288888888888889,0.675,0.0,9.725,1,2,frequent
563.0,6,173.512,28.918666666666667,7.022407407407408,7.530138888888889,1.0,0.0,9.166666666666666,1,0,long_duration
564.0,1,17.466,17.466,2.846111111111111,2.846111111111111,1.0,0.0,9.0,1,1,occasional
565.0,4,46.772999999999996,11.693249999999999,1.9897222222222224,2.007083333333333,0.5,0.25,17.5,1,1,occasional
566.0,1,5.311,5.311,0.8613888888888889,0.8613888888888889,1.0,0.0,7.0,1,1,occasional
567.0,34,183.798,5.405823529411765,2.376364379084967,1.7430555555555554,0.8823529411764706,0.0,9.588235294117647,1,2,frequent
569.0,39,594.285,15.238076923076923,6.184437321937322,7.129444444444444,0.9487179487179487,0.0,7.384615384615385,1,2,frequent
572.0,1,23.119,23.119,4.397222222222222,4.397222222222222,1.0,0.0,7.0,1,1,occasional
573.0,1,5.656,5.656,3.2625,3.2625,0.0,0.0,6.0,1,1,occasional
574.0,1,22.517,22.517,4.690277777777778,4.690277777777778,1.0,0.0,7.0,1,0,long_duration
576.0,32,496.71,15.5221875,4.9390625,4.471805555555555,0.5625,0.0,7.53125,1,2,frequent
577.0,32,168.448,5.264,2.6853645833333335,2.546388888888889,0.78125,0.0,8.15625,1,2,frequent
579.0,5,121.152,24.2304,4.828666666666667,4.8277777777777775,0.8,0.0,10.2,1,0,long_duration
581.0,33,683.92,20.724848484848483,7.80013468013468,8.850555555555555,0.8484848484848485,0.0,7.03030303030303,1,0,long_duration
590.0,11,38.03,3.4572727272727275,1.7039898989898992,1.495,0.0,0.0,5.909090909090909,1,1,occasional
592.0,20,123.295,6.16475,1.6219444444444444,1.4145833333333333,1.0,0.0,7.0,1,2,frequent
597.0,5,29.696,5.9392000000000005,2.5547777777777783,2.5975,1.0,0.0,7.0,1,1,occasional
602.0,6,62.163,10.3605,3.965925925925926,3.5615277777777776,0.3333333333333333,0.0,6.333333333333333,1,1,occasional
607.0,27,240.25,8.898148148148149,2.439053497942387,1.8744444444444444,0.2222222222222222,0.0,11.37037037037037,1,2,frequent
608.0,6,70.95100000000001,11.825166666666668,2.2237962962962965,2.160277777777778,0.16666666666666666,0.0,13.666666666666666,1,1,occasional
609.0,2,16.125,8.0625,1.5745833333333334,1.5745833333333334,0.0,0.0,12.5,1,1,occasional
610.0,1,4.202,4.202,0.9105555555555556,0.9105555555555556,1.0,0.0,18.0,1,1,occasional
611.0,11,453.92,41.265454545454546,8.642828282828283,7.056388888888889,0.09090909090909091,0.0,5.909090909090909,1,0,long_duration
620.0,20,134.08,6.704000000000001,2.1883749999999997,2.114583333333333,0.9,0.0,9.3,1,2,frequent
627.0,1,7.462,7.462,1.1219444444444444,1.1219444444444444,0.0,0.0,13.0,1,1,occasional
629.0,3,17.947000000000003,5.982333333333334,1.0177777777777777,1.3511111111111112,0.0,0.0,12.0,1,1,occasional
630.0,28,374.194,13.36407142857143,3.8540277777777776,4.133194444444444,0.6785714285714286,0.0,8.035714285714286,2,3,peak_hour
631.0,12,323.34000000000003,26.945000000000004,4.991550925925925,3.787361111111111,0.75,0.25,9.583333333333334,1,0,long_duration
632.0,17,210.025,12.354411764705883,5.033218954248366,4.179166666666666,0.9411764705882353,0.0,8.470588235294118,1,2,frequent
647.0,7,52.104,7.443428571428571,4.589960317460317,3.756388888888889,0.0,0.0,6.0,1,1,occasional
651.0,42,530.3,12.626190476190475,3.5691931216931216,3.8377777777777773,0.0,0.023809523809523808,5.380952380952381,1,2,frequent
668.0,25,193.378,7.735119999999999,1.7621555555555557,1.3780555555555556,0.8,0.0,10.44,1,2,frequent
675.0,10,80.785,8.0785,1.44825,1.3873611111111113,1.0,0.6,11.4,1,1,occasional
676.0,22,303.108,13.777636363636363,5.9311868686868685,4.941666666666666,0.6363636363636364,0.0,8.318181818181818,1,2,frequent
697.0,9,60.719,6.746555555555556,3.708672839506173,3.843055555555555,0.8888888888888888,0.0,9.777777777777779,1,1,occasional
710.0,11,238.471,21.679181818181817,3.3414646464646465,3.824444444444445,0.6363636363636364,0.18181818181818182,9.090909090909092,1,1,occasional
712.0,45,312.417,6.9426,2.0321296296296296,1.4205555555555556,0.9333333333333333,0.044444444444444446,8.533333333333333,1,2,frequent
714.0,28,293.06,10.46642857142857,3.088670634920635,2.5568055555555556,0.9642857142857143,0.0,8.964285714285714,1,2,frequent
723.0,5,54.971999999999994,10.994399999999999,3.6339444444444444,3.774444444444444,0.0,0.0,5.8,1,1,occasional
724.0,28,357.024,12.750857142857143,4.191170634920635,3.9177777777777774,0.9285714285714286,0.03571428571428571,7.5,2,3,peak_hour
726.0,32,192.833,6.02603125,2.9482725694444443,2.702222222222222,0.125,0.0,6.125,1,2,frequent
730.0,13,499.01800000000003,38.386,7.8989102564102565,8.521666666666667,0.0,0.0,6.461538461538462,1,0,long_duration
734.0,2,27.743000000000002,13.871500000000001,2.3977777777777773,2.3977777777777773,0.5,0.5,11.0,1,1,occasional
741.0,6,210.351,35.0585,5.807175925925926,5.073333333333334,0.5,0.16666666666666666,11.333333333333334,1,0,long_duration
742.0,1,1.189,1.189,0.7147222222222223,0.7147222222222223,1.0,0.0,7.0,1,1,occasional
743.0,67,256.611,3.8300149253731344,1.367993366500829,1.3472222222222223,0.8059701492537313,0.14925373134328357,8.388059701492537,1,2,frequent
744.0,1,3.404,3.404,0.5744444444444444,0.5744444444444444,1.0,0.0,10.0,1,1,occasional
752.0,8,42.007,5.250875,1.9135416666666667,1.7019444444444443,0.0,0.0,12.75,1,1,occasional
756.0,2,16.431,8.2155,3.272361111111111,3.272361111111111,1.0,0.0,7.0,1,1,occasional
774.0,11,48.837,4.439727272727273,1.304469696969697,1.3486111111111112,1.0,0.0,16.0,1,1,occasional
777.0,5,49.452,9.8904,3.595,2.9719444444444445,0.6,0.2,13.8,1,1,occasional
781.0,1,7.801,7.801,2.2219444444444445,2.2219444444444445,0.0,1.0,21.0,1,1,occasional
818.0,13,551.651,42.4346923076923,6.634636752136752,6.712222222222223,0.9230769230769231,0.07692307692307693,8.384615384615385,1,0,long_duration
826.0,31,883.984,28.515612903225808,6.912437275985663,6.8469444444444445,0.8387096774193549,0.0,7.387096774193548,1,0,long_duration
828.0,9,69.763,7.751444444444445,4.985586419753087,4.4375,0.8888888888888888,0.0,7.555555555555555,2,3,peak_hour
832.0,17,374.198,22.011647058823527,4.386209150326798,4.4675,0.17647058823529413,0.0,11.882352941176471,2,3,peak_hour
833.0,2,21.107,10.5535,2.09,2.09,0.0,0.0,15.0,1,1,occasional
838.0,9,129.529,14.392111111111111,4.168271604938272,4.547222222222223,0.7777777777777778,0.2222222222222222,17.77777777777778,1,1,occasional
850.0,28,523.856,18.709142857142858,3.5272619047619047,3.3768055555555554,0.6428571428571429,0.14285714285714285,10.035714285714286,1,2,frequent
858.0,41,187.41,4.570975609756098,1.6206300813008128,1.5094444444444444,0.9512195121951219,0.024390243902439025,8.170731707317072,1,2,frequent
867.0,4,59.175,14.79375,2.2889583333333334,2.4229166666666666,0.75,0.0,12.25,1,1,occasional
888.0,5,167.477,33.495400000000004,6.087722222222222,7.251388888888889,0.6,0.0,7.6,1,0,long_duration
891.0,45,114.632,2.5473777777777777,1.1037222222222223,0.8275,0.6,0.1111111111111111,10.444444444444445,1,2,frequent
915.0,1,4.791,4.791,0.8416666666666667,0.8416666666666667,0.0,1.0,21.0,1,1,occasional
933.0,39,1396.154,35.79882051282051,8.410925925925925,8.346944444444444,0.02564102564102564,0.05128205128205128,5.358974358974359,1,0,long_duration
942.0,15,411.64000000000004,27.44266666666667,5.742703703703703,6.157777777777778,0.8,0.0,7.066666666666666,1,0,long_duration
943.0,35,508.044,14.515542857142856,3.2299206349206346,3.723888888888889,0.6571428571428571,0.0,9.771428571428572,1,2,frequent
945.0,19,254.738,13.407263157894738,4.604883040935673,2.375,1.0,0.0,8.0,1,2,frequent
958.0,5,62.051,12.4102,2.760111111111111,2.7397222222222224,0.6,0.0,11.0,1,1,occasional
983.0,16,39.418,2.463625,1.0421006944444444,1.1520833333333336,0.8125,0.0,11.3125,1,1,occasional
999.0,6,45.295,7.549166666666667,1.351898148148148,1.076111111111111,0.5,0.0,10.833333333333334,2,3,peak_hour
1001.0,7,62.195,8.885,3.2709920634920633,2.132222222222222,0.8571428571428571,0.0,9.142857142857142,1,1,occasional
1007.0,5,30.865,6.173,2.915888888888889,2.4341666666666666,0.4,0.4,9.4,1,1,occasional
1025.0,6,31.646,5.274333333333334,1.7664814814814818,1.72875,0.0,0.16666666666666666,13.0,2,3,peak_hour
1039.0,10,151.49699999999999,15.1497,2.4626944444444447,2.0861111111111112,0.2,0.1,12.4,2,3,peak_hour
1049.0,4,60.584,15.146,5.751319444444444,5.2780555555555555,0.25,0.0,6.25,1,0,long_duration
1055.0,5,31.337,6.2674,2.5253888888888887,2.5819444444444444,0.0,0.0,13.4,1,1,occasional
1060.0,3,35.286,11.762,4.078148148148148,4.027222222222222,0.0,0.0,12.333333333333334,1,1,occasional
1074.0,2,28.207,14.1035,3.7713888888888887,3.7713888888888887,0.5,0.0,6.5,1,1,occasional
1078.0,33,289.016,8.758060606060607,3.035084175084175,2.754166666666667,0.36363636363636365,0.030303030303030304,13.030303030303031,1,2,frequent
1082.0,30,63.09,2.103,1.5266388888888889,1.0495833333333333,0.23333333333333334,0.0,11.933333333333334,1,2,frequent
1083.0,36,162.644,4.517888888888889,3.807175925925926,2.199305555555555,0.5277777777777778,0.25,10.027777777777779,1,2,frequent
1085.0,4,51.086,12.7715,2.19875,1.796111111111111,0.5,1.0,15.0,1,1,occasional
1087.0,1,13.043,13.043,2.075833333333333,2.075833333333333,0.0,0.0,13.0,1,1,occasional
1089.0,3,12.802999999999999,4.267666666666666,1.2291666666666667,1.2261111111111112,1.0,0.0,18.666666666666668,1,1,occasional
1090.0,1,16.119,16.119,6.293888888888889,6.293888888888889,1.0,0.0,9.0,1,0,long_duration
1091.0,5,32.004,6.400799999999999,2.113277777777778,2.120277777777778,0.2,0.0,14.4,1,1,occasional
1093.0,13,34.196,2.6304615384615384,0.9582264957264957,0.6336111111111111,0.0,0.07692307692307693,12.461538461538462,1,1,occasional
1095.0,37,367.274,9.926324324324325,3.3844144144144144,2.525,1.0,0.0,9.621621621621621,1,2,frequent
1099.0,9,95.865,10.651666666666666,1.836358024691358,1.795,0.6666666666666666,0.4444444444444444,19.22222222222222,1,1,occasional
1104.0,26,516.257,19.85603846153846,4.868739316239316,4.591805555555556,0.9615384615384616,0.0,8.538461538461538,1,2,frequent
1108.0,8,95.724,11.9655,3.565173611111111,3.5700000000000003,1.0,0.0,18.125,1,1,occasional
1117.0,3,7.314,2.438,1.2550925925925926,1.2255555555555555,0.6666666666666666,0.0,10.666666666666666,1,1,occasional
1118.0,22,430.214,19.55518181818182,7.6719191919191925,8.100277777777777,0.0,0.0,6.0,1,0,long_duration
1120.0,18,87.473,4.859611111111111,1.5737191358024691,1.2647222222222223,0.9444444444444444,0.0,8.944444444444445,1,1,occasional
1122.0,1,26.733,26.733,3.914444444444445,3.914444444444445,0.0,0.0,12.0,1,1,occasional
1123.0,1,8.774,8.774,5.168611111111111,5.168611111111111,1.0,0.0,10.0,1,1,occasional
1124.0,34,221.826,6.524294117647059,2.272140522875817,2.018194444444444,0.058823529411764705,0.0,12.117647058823529,1,2,frequent
1126.0,18,40.24,2.2355555555555555,0.789891975308642,0.5926388888888889,0.8333333333333334,0.05555555555555555,9.277777777777779,1,1,occasional
1133.0,14,106.89,7.635,1.2297420634920635,1.2625,1.0,0.42857142857142855,14.214285714285714,1,1,occasional
1135.0,23,234.361,10.189608695652174,3.516243961352657,3.031111111111111,0.43478260869565216,0.2608695652173913,16.0,1,1,occasional
1137.0,23,265.326,11.535913043478262,3.8989492753623187,3.473333333333333,0.6956521739130435,0.0,10.173913043478262,1,2,frequent
1142.0,3,31.251,10.417,6.003981481481482,4.195555555555556,0.3333333333333333,1.0,10.333333333333334,1,1,occasional
1152.0,6,68.936,11.489333333333335,3.868611111111111,3.387777777777778,0.3333333333333333,0.16666666666666666,16.5,1,1,occasional
1153.0,1,13.677,13.677,6.8116666666666665,6.8116666666666665,1.0,0.0,10.0,1,0,long_duration
1154.0,6,40.05525448028615,6.675875746714358,3.8233333333333337,3.1529166666666666,0.8333333333333334,0.0,9.5,1,1,occasional
1157.0,15,513.942,34.2628,6.810907407407408,7.066944444444444,0.8666666666666667,0.0,6.866666666666666,1,0,long_duration
1161.0,20,80.533,4.02665,1.2355277777777778,1.22375,0.35,0.2,14.9,1,1,occasional
1164.0,17,81.938,4.8198823529411765,1.5126307189542483,1.445277777777778,0.7647058823529411,0.17647058823529413,16.823529411764707,1,1,occasional
1169.0,14,41.715,2.9796428571428573,0.7276388888888888,0.6225,0.8571428571428571,0.14285714285714285,14.785714285714286,1,1,occasional
1180.0,10,78.294,7.8294,2.875111111111111,2.696527777777778,0.6,0.0,9.2,1,1,occasional
1191.0,2,50.829,25.4145,4.807222222222222,4.807222222222222,1.0,0.0,12.0,1,0,long_duration
1196.0,7,209.874,29.982,5.064682539682539,5.0488888888888885,0.5714285714285714,0.0,9.571428571428571,1,0,long_duration
1202.0,21,169.952,8.092952380952381,7.585873015873016,3.648333333333333,0.19047619047619047,0.19047619047619047,19.38095238095238,1,1,occasional
1208.0,9,261.5807858333333,29.064531759259257,5.4809876543209874,5.323333333333333,0.6666666666666666,0.0,10.555555555555555,1,0,long_duration
1210.0,2,10.982,5.491,2.3956944444444446,2.3956944444444446,1.0,0.0,7.5,1,1,occasional
1214.0,8,121.088,15.136,2.4434027777777776,2.2805555555555554,0.25,0.75,14.25,1,1,occasional
1222.0,12,60.734,5.061166666666667,1.7335648148148148,1.99375,0.5833333333333334,0.3333333333333333,11.75,1,1,occasional
1225.0,1,22.371,22.371,3.6166666666666663,3.6166666666666663,0.0,0.0,13.0,1,1,occasional
1236.0,13,58.299,4.484538461538461,1.4084615384615384,1.363888888888889,0.0,0.07692307692307693,13.076923076923077,1,1,occasional
1239.0,25,308.086,12.32344,4.876788888888889,4.493888888888889,1.0,0.0,7.0,1,2,frequent
1243.0,2,40.62,20.31,3.041388888888889,3.041388888888889,0.5,0.0,11.0,1,1,occasional
1263.0,10,81.891,8.1891,1.302638888888889,1.2556944444444444,0.0,0.0,20.0,1,1,occasional
1272.0,1,15.368,15.368,4.41,4.41,0.0,1.0,22.0,1,1,occasional
1274.0,16,182.629,11.4143125,3.7103125,3.2487500000000002,0.5625,0.0625,12.3125,1,1,occasional
1277.0,10,112.16,11.216,4.014194444444445,4.141805555555556,1.0,0.0,7.0,1,1,occasional
1281.0,6,308.854,51.47566666666666,8.652824074074074,9.133194444444444,0.16666666666666666,0.0,6.0,1,0,long_duration
1283.0,17,630.319,37.077588235294115,8.102434640522874,8.719722222222222,0.11764705882352941,0.0,6.117647058823529,1,0,long_duration
1286.0,5,215.658,43.1316,7.755444444444445,8.018055555555556,0.2,0.6,18.6,1,0,long_duration
1308.0,2,19.198999999999998,9.599499999999999,4.133611111111112,4.133611111111112,0.5,0.0,12.5,1,1,occasional
1309.0,5,15.414,3.0827999999999998,0.6645555555555556,0.6541666666666667,0.4,0.2,12.6,1,1,occasional
1316.0,1,32.51,32.51,4.761388888888889,4.761388888888889,0.0,0.0,12.0,1,0,long_duration
1327.0,1,16.11,16.11,5.2188888888888885,5.2188888888888885,1.0,1.0,18.0,1,1,occasional
1332.0,1,15.45,15.45,5.424722222222222,5.424722222222222,1.0,0.0,7.0,1,0,long_duration
1346.0,7,78.166,11.166571428571428,1.9636507936507939,1.768888888888889,0.8571428571428571,0.7142857142857143,9.571428571428571,2,3,peak_hour
1355.0,1,0.878,0.878,0.6866666666666666,0.6866666666666666,0.0,0.0,15.0,1,1,occasional
1364.0,6,47.649,7.9415000000000004,3.1190277777777777,3.079027777777778,0.8333333333333334,0.0,9.333333333333334,1,1,occasional
1366.0,13,55.74,4.287692307692308,1.6934615384615386,1.8891666666666669,0.9230769230769231,0.0,8.76923076923077,1,1,occasional
1370.0,32,790.859,24.71434375,4.484123263888889,3.8156944444444436,0.53125,0.0,9.3125,1,2,frequent
1384.0,3,26.719,8.906333333333334,2.576388888888889,1.8419444444444444,0.3333333333333333,0.0,12.0,1,1,occasional
1394.0,1,12.228,12.228,1.993055555555556,1.993055555555556,1.0,1.0,8.0,1,1,occasional
1395.0,2,8.931000000000001,4.4655000000000005,1.4519444444444445,1.4519444444444445,0.5,1.0,12.5,1,1,occasional
1408.0,1,10.991,10.991,2.109166666666667,2.109166666666667,0.0,0.0,11.0,1,1,occasional
1461.0,24,277.298,11.554083333333333,3.9456712962962963,3.6491666666666664,0.3333333333333333,0.0,7.75,1,2,frequent
1470.0,45,513.429,11.409533333333332,3.131191358024691,2.665,0.8222222222222222,0.0,8.911111111111111,1,2,frequent
1471.0,9,64.055,7.117222222222223,1.5931481481481482,1.281388888888889,0.6666666666666666,0.0,9.88888888888889,1,1,occasional
1472.0,3,4.541,1.5136666666666667,1.0300925925925926,0.6602777777777777,1.0,0.0,7.666666666666667,1,1,occasional
1479.0,1,5.541,5.541,8.280555555555555,8.280555555555555,1.0,0.0,7.0,1,0,long_duration
1481.0,7,32.269,4.609857142857143,1.4917063492063494,1.3877777777777778,1.0,0.0,9.0,1,1,occasional
1485.0,11,114.07,10.37,2.2337373737373736,2.3202777777777777,0.5454545454545454,0.0,14.181818181818182,1,1,occasional
1509.0,4,36.804,9.201,1.433263888888889,1.080138888888889,0.75,0.25,16.25,1,1,occasional
1524.0,24,208.011,8.667125,4.5640624999999995,3.825277777777778,0.9583333333333334,0.08333333333333333,8.541666666666666,1,2,frequent
1526.0,6,69.221,11.536833333333334,4.234722222222222,4.053472222222222,0.8333333333333334,0.0,9.833333333333334,1,1,occasional
1528.0,18,303.27,16.848333333333333,5.579876543209876,4.785416666666666,0.9444444444444444,0.0,7.277777777777778,1,0,long_duration
1534.0,28,241.611,8.628964285714286,2.943075396825397,2.6997222222222224,1.0,0.0,8.285714285714286,1,2,frequent
1551.0,2,17.899,8.9495,1.7243055555555555,1.7243055555555555,0.5,0.0,14.5,1,1,occasional
1564.0,22,127.358,5.789000000000001,1.8819065656565657,1.5876388888888888,0.6818181818181818,0.0,11.909090909090908,2,3,peak_hour
1626.0,23,558.564,24.285391304347826,4.592137681159421,4.590555555555556,0.6521739130434783,0.08695652173913043,11.08695652173913,2,3,peak_hour
1627.0,37,243.201,6.5729999999999995,3.251006006006006,3.2269444444444444,0.972972972972973,0.0,7.135135135135135,1,2,frequent
1648.0,31,163.499,5.2741612903225805,3.076388888888889,2.983888888888889,0.22580645161290322,0.0,6.548387096774194,1,2,frequent
1652.0,2,1.756,0.878,0.49069444444444443,0.49069444444444443,1.0,0.0,9.5,1,1,occasional
1656.0,14,425.972,30.426571428571428,6.86859126984127,6.640833333333333,0.0,0.0,5.214285714285714,1,0,long_duration
1660.0,9,56.525,6.280555555555555,1.8366358024691358,2.0444444444444443,0.8888888888888888,0.0,16.555555555555557,1,1,occasional
1701.0,6,53.325,8.887500000000001,4.454027777777778,3.179722222222222,0.6666666666666666,0.0,9.666666666666666,1,1,occasional
1707.0,2,21.741,10.8705,2.708055555555556,2.708055555555556,1.0,0.0,16.0,1,1,occasional
1712.0,1,4.225,4.225,1.3022222222222222,1.3022222222222222,1.0,0.0,18.0,1,1,occasional
1726.0,5,58.698,11.7396,3.393,3.3525,0.6,1.0,15.2,1,1,occasional
1733.0,26,739.658,28.448384615384615,6.132361111111111,5.446111111111112,0.0,0.0,5.6923076923076925,1,0,long_duration
1746.0,33,128.15,3.8833333333333333,1.3911026936026936,1.413888888888889,0.6060606060606061,0.30303030303030304,15.636363636363637,1,1,occasional
1752.0,1,4.807,4.807,1.353888888888889,1.353888888888889,1.0,0.0,18.0,1,1,occasional
1754.0,11,254.055,23.095909090909092,3.8844444444444446,3.799166666666667,0.0,0.09090909090909091,12.818181818181818,1,1,occasional
1765.0,2,56.620999999999995,28.310499999999998,4.516249999999999,4.516249999999999,1.0,0.0,16.5,1,1,occasional
1790.0,8,116.851,14.606375,5.551666666666667,6.341111111111111,0.375,0.0,12.625,1,0,long_duration
1796.0,17,236.847,13.932176470588235,4.927336601307189,4.755,0.8235294117647058,0.058823529411764705,8.705882352941176,1,2,frequent
1805.0,25,334.329,13.37316,2.940288888888889,2.87,0.64,0.0,14.48,1,2,frequent
1813.0,31,730.182,23.55425806451613,5.247007168458782,5.039444444444444,1.0,0.0,7.096774193548387,1,2,frequent
1816.0,1,56.942,56.942,8.318055555555556,8.318055555555556,0.0,0.0,21.0,1,0,long_duration
1826.0,10,125.071,12.5071,2.539472222222222,2.355,0.6,0.2,13.2,1,1,occasional
1832.0,2,4.066,2.033,0.44916666666666666,0.44916666666666666,0.5,0.0,15.5,1,1,occasional
1864.0,15,59.613,3.9742,1.532185185185185,1.6319444444444444,0.7333333333333333,0.06666666666666667,13.533333333333333,2,3,peak_hour
1894.0,6,86.451,14.408499999999998,2.450972222222222,2.4306944444444443,0.0,0.0,12.5,1,1,occasional
1912.0,11,122.105,11.100454545454546,1.7982070707070705,1.955833333333333,0.6363636363636364,0.0,10.636363636363637,1,1,occasional
1930.0,1,0.862,0.862,2.799166666666667,2.799166666666667,1.0,1.0,8.0,1,1,occasional
1953.0,9,50.499,5.611000000000001,1.6188271604938271,1.3327777777777778,0.4444444444444444,0.0,10.777777777777779,1,1,occasional
1957.0,13,215.105,16.54653846153846,3.960448717948718,3.4008333333333334,0.9230769230769231,0.07692307692307693,8.615384615384615,1,2,frequent
1971.0,3,26.819000000000003,8.939666666666668,3.26,3.2744444444444443,0.3333333333333333,0.0,6.333333333333333,1,1,occasional
1974.0,21,207.764,9.89352380952381,3.3793386243386245,3.640277777777778,0.23809523809523808,0.0,11.095238095238095,1,2,frequent
1989.0,13,357.654,27.511846153846154,4.9826495726495725,3.7422222222222223,0.7692307692307693,0.0,16.692307692307693,1,0,long_duration
1991.0,1,21.876,21.876,3.2827777777777776,3.2827777777777776,1.0,0.0,19.0,1,1,occasional
2048.0,7,91.842,13.120285714285714,3.0213492063492065,2.823888888888889,0.14285714285714285,0.0,12.428571428571429,1,1,occasional
2050.0,19,395.693,20.82594736842105,5.542266081871345,2.9202777777777778,0.42105263157894735,0.0,14.210526315789474,1,2,frequent
2052.0,8,84.16199999999999,10.520249999999999,2.015833333333333,2.0652777777777778,0.125,0.0,11.375,1,1,occasional
2054.0,15,478.86,31.924,6.263870370370371,6.761388888888889,0.7333333333333333,0.0,8.733333333333333,1,0,long_duration
2057.0,35,242.039,6.9154,3.679650793650794,3.803333333333333,0.0,0.0,6.2,1,2,frequent
2067.0,4,28.006999999999998,7.0017499999999995,2.477708333333333,2.4231944444444444,0.25,0.0,11.5,1,1,occasional
2069.0,5,29.645,5.929,1.2642777777777776,1.2880555555555555,1.0,0.0,18.2,1,1,occasional
2087.0,2,19.65,9.825,2.774166666666667,2.774166666666667,1.0,1.0,8.5,1,1,occasional
2103.0,28,452.649,16.166035714285716,3.212152777777778,3.382083333333333,0.2857142857142857,0.0,13.857142857142858,1,2,frequent
2115.0,4,48.436,12.109,6.654930555555556,6.094444444444444,0.0,0.0,6.0,1,0,long_duration
2129.0,37,411.387,11.118567567567567,4.990638138138138,4.696944444444444,0.3783783783783784,0.0,6.513513513513513,1,2,frequent
2149.0,7,92.033,13.147571428571428,4.2457142857142856,3.6527777777777777,1.0,0.0,8.571428571428571,1,1,occasional
2155.0,3,22.064999999999998,7.3549999999999995,1.1532407407407408,1.2105555555555556,1.0,0.0,16.0,1,1,occasional
2170.0,10,70.514,7.051399999999999,4.326138888888889,3.3425000000000002,0.9,0.0,10.2,1,1,occasional
2176.0,6,237.128,39.52133333333333,6.897731481481482,7.706527777777778,1.0,0.0,7.0,1,0,long_duration
2177.0,1,16.803,16.803,2.8786111111111112,2.8786111111111112,1.0,0.0,16.0,1,1,occasional
2183.0,13,187.993,14.461,4.029423076923077,3.79,0.15384615384615385,0.0,5.384615384615385,2,3,peak_hour
2187.0,15,198.843,13.2562,3.603944444444444,3.618333333333333,0.06666666666666667,0.0,6.0,1,2,frequent
2192.0,8,49.355000000000004,6.1693750000000005,0.9813888888888889,0.9954166666666665,0.375,0.125,17.75,1,1,occasional
2213.0,9,92.12,10.235555555555557,5.532777777777778,4.382222222222223,1.0,0.0,7.0,1,1,occasional
2214.0,2,90.78200000000001,45.391000000000005,9.774027777777778,9.774027777777778,1.0,0.0,7.0,1,0,long_duration
2221.0,9,72.604,8.06711111111111,2.5838888888888887,2.4166666666666665,0.1111111111111111,0.0,13.777777777777779,1,1,occasional
2235.0,1,7.075,7.075,1.2663888888888888,1.2663888888888888,0.0,0.0,12.0,1,1,occasional
2238.0,2,31.997999999999998,15.998999999999999,2.505,2.505,0.0,0.0,12.0,1,1,occasional
2243.0,1,7.331,7.331,2.5216666666666665,2.5216666666666665,1.0,0.0,17.0,1,1,occasional
2247.0,1,61.653,61.653,9.101944444444444,9.101944444444444,0.0,0.0,22.0,1,0,long_duration
2259.0,1,3.604,3.604,3.1841666666666666,3.1841666666666666,0.0,0.0,11.0,1,1,occasional
2276.0,15,223.513,14.900866666666667,3.0560555555555555,2.5102777777777776,0.4666666666666667,0.06666666666666667,12.0,1,1,occasional
2281.0,14,362.03000000000003,25.859285714285715,6.131170634920635,6.595138888888888,0.5,0.0,10.071428571428571,1,0,long_duration
2290.0,7,57.619,8.231285714285715,1.9342857142857144,1.6747222222222222,0.5714285714285714,0.7142857142857143,12.0,1,1,occasional
2299.0,27,348.738,12.916222222222222,2.4909053497942386,2.2994444444444446,0.4074074074074074,0.0,14.037037037037036,1,2,frequent
2301.0,7,157.82299999999998,22.546142857142854,4.489642857142857,3.379722222222222,0.5714285714285714,0.0,13.571428571428571,1,1,occasional
2314.0,5,79.77902916666666,15.955805833333333,4.589833333333333,4.843333333333334,0.0,0.0,7.6,1,1,occasional
2318.0,2,12.398,6.199,1.0726388888888887,1.0726388888888887,0.5,0.0,15.5,1,1,occasional
2354.0,6,44.976,7.4959999999999996,1.5404166666666665,1.4037499999999998,1.0,0.0,8.333333333333334,1,1,occasional
2361.0,5,171.45600000000002,34.2912,6.679333333333334,7.048611111111111,1.0,0.0,7.0,1,0,long_duration
2362.0,20,293.315,14.66575,5.952111111111111,5.807083333333333,0.0,0.05,5.0,1,0,long_duration
2404.0,2,9.583,4.7915,1.5926388888888892,1.5926388888888892,0.5,0.5,16.5,1,1,occasional
2418.0,13,42.587,3.2759230769230774,2.105683760683761,1.8633333333333333,0.6153846153846154,0.0,10.0,1,1,occasional
2447.0,5,31.189,6.2378,2.4002222222222223,2.118611111111111,0.6,0.0,12.8,1,1,occasional
2461.0,12,95.90599999999999,7.992166666666666,3.2469907407407406,2.9423611111111114,1.0,0.0,8.25,1,1,occasional
2489.0,1,11.936,11.936,2.004722222222222,2.004722222222222,0.0,0.0,15.0,1,1,occasional
2500.0,12,143.446,11.953833333333334,4.333773148148148,4.155694444444444,0.08333333333333333,0.0,6.0,1,2,frequent
2501.0,1,13.532,13.532,2.3963888888888887,2.3963888888888887,1.0,1.0,10.0,1,1,occasional
2507.0,4,180.49099999999999,45.122749999999996,7.793749999999999,7.834027777777777,0.5,0.0,9.5,1,0,long_duration
2525.0,1,23.274,23.274,3.7822222222222224,3.7822222222222224,0.0,1.0,12.0,1,1,occasional
2534.0,1,15.278,15.278,2.460833333333333,2.460833333333333,1.0,1.0,8.0,1,1,occasional
2535.0,1,25.276,25.276,4.1258333333333335,4.1258333333333335,1.0,1.0,9.0,1,1,occasional
2557.0,2,10.254,5.127,1.6845833333333333,1.6845833333333333,0.5,0.0,14.0,1,1,occasional
2563.0,3,23.162000000000003,7.720666666666667,2.2223148148148146,1.3880555555555556,0.0,0.3333333333333333,12.333333333333334,1,1,occasional
2577.0,1,20.727,20.727,3.4044444444444446,3.4044444444444446,0.0,0.0,15.0,1,1,occasional
2607.0,1,10.876,10.876,3.578888888888889,3.578888888888889,0.0,0.0,13.0,1,1,occasional
2611.0,1,5.878,5.878,1.6888888888888889,1.6888888888888889,1.0,0.0,16.0,1,1,occasional
